,favorite_count,followers_count,retweet_count,tweet_id
0,39492,3768791,8842,892420643555336193
1,33786,3768791,6480,892177421306343426
2,25445,3768791,4301,891815181378084864
3,42863,3768791,8925,891689557279858688
4,41016,3768791,9721,891327558926688256
5,20548,3768791,3240,891087950875897856
6,12053,3768791,2142,890971913173991426
7,66596,3768791,19548,890729181411237888
8,28187,3768791,4403,890609185150312448
9,32467,3768792,7684,890240255349198849
10,31127,3768793,7584,890006608113172480
11,28208,3768916,5116,889880896479866881
12,38745,3768793,8502,889665388333682689
13,27633,3768793,4705,889638837579907072
14,15329,3768793,2309,889531135344209921
15,25712,3768793,5635,889278841981685760
16,29555,3768793,4681,888917238123831296
17,26021,3768793,4535,888804989199671297
18,20267,3768793,3722,888554962724278272
19,22144,3768796,3637,888078434458587136
20,30690,3768796,5584,887705289381826560
21,46940,3768796,12053,887517139158093824
22,70007,3768796,18813,887473957103951883
23,34223,3768796,10713,887343217045368832
24,31045,3768797,6147,887101392804085760
25,35786,3768797,8045,886983233522544640
26,12286,3768798,3420,886736880519319552
27,22802,3768798,4597,886680336477933568
28,21488,3768798,3297,886366144734445568
29,117,3768798,4,886267009285017600
30,28437,3768798,6506,886258384151887873
31,1574,3768799,106,886054160059072513
32,33299,3768799,7043,885984800019947520
33,36592,3768801,6642,885528943205470208
34,20739,3768801,3876,885518971528720385
35,73157,3768801,19188,885311592912609280
36,22304,3768801,4526,885167619883638784
37,78881,3768801,19149,884925521741709313
38,28429,3768801,6042,884876753390489601
39,24716,3768801,5076,884562892145688576
40,27443,3768802,5836,884441805382717440
41,74192,3768802,21105,884247878851493888
42,20719,3768802,3099,884162670584377345
43,22269,3768801,3559,883838122936631299
44,46741,3768801,10336,883482846933004288
45,22932,3768801,3802,883360690899218434
46,37810,3768801,6900,883117836046086144
47,24358,3768801,4086,882992080364220416
48,28810,3768802,5086,882762694511734784
49,28327,3768802,6303,882627270321602560
50,45745,3768803,12013,882268110199369728
51,29843,3768806,5162,882045870035918850
52,24708,3768807,3516,881906580714921986
53,51390,3768807,11026,881666595344535552
54,129,3768930,7,881633300179243008
55,50326,3768807,16564,881536004380872706
56,23462,3768807,5328,881268444196462592
57,17288,3768807,2871,880935762899988482
58,21667,3768807,3957,880872448815771648
59,28997,3768807,6500,880465832366813184
60,27561,3768807,4398,880221127280381952
61,28085,3768807,4506,880095782870896641
62,22609,3768807,3615,879862464715927552
63,313,3768807,10,879674319642796034
64,23778,3768807,3300,879492040517615616
65,107834,3768807,45655,879415818425184262
66,17061,3768807,3239,879376492567855104
67,42743,3768807,7118,879130579576475649
68,22978,3768807,4890,879050749262655488
69,19265,3768807,2793,879008229531029506
70,19708,3768807,4282,878776093423087618
71,30835,3768807,7510,878604707211726852
72,7890,3768807,1338,878404777348136964
73,22047,3768807,6925,878316110768087041
74,7890,3768807,1338,878281511006478336
75,42743,3768807,7118,878057613040115712
76,81450,3768930,19908,877736472329191424
77,1895,3768807,82,877611172832227328
78,23188,3768809,3973,877556246731214848
79,27835,3768809,5377,877316821321428993
80,27661,3768809,5829,877201837425926144
81,21069,3768809,3493,876838120628539392
82,23789,3768809,4775,876537666061221889
83,19086,3768809,2499,876484053909872640
84,28392,3768809,4872,876120275196170240
85,25710,3768809,4478,875747767867523072
86,22346,3768810,5114,875144289856114688
87,27915,3768811,6303,875097192612077568
88,25948,3768811,4895,875021211251597312
89,28371,3768811,4825,874680097055178752
90,54493,3768811,15442,874434818259525634
91,26563,3768812,4284,874296783580663808
92,23061,3768812,4107,874057562936811520
93,35406,3768812,10926,874012996292530176
94,54897,3768812,12435,873697596434513921
95,24757,3768812,4110,873580283840344065
96,7435,3768812,1656,873337748698140672
97,7435,3768812,1656,873213775632977920
98,27918,3768812,5632,872967104147763200
99,15006,3768813,3858,872820683541237760
100,717,3768813,31,872668790621863937
101,21254,3768813,3871,872620804844003328
102,41474,3768813,9365,872486979161796608
103,34982,3768813,6606,872261713294495745
104,35224,3768813,8493,872122724285648897
105,38995,3768813,11810,871879754684805121
106,20716,3768936,3641,871762521631449091
107,20687,3768813,3608,871515927908634625
108,24841,3768813,5956,871166179821445120
109,21403,3768813,5729,871102520638267392
110,23174,3768813,3972,871032628920680449
111,33689,3768813,6348,870804317367881728
112,120,3768814,3,870726314365509632
113,12767,3768814,2798,870656317836468226
114,84753,3768814,27502,870374049280663552
115,22375,3768814,4355,870308999962521604
116,37660,3768814,8787,870063196459192321
117,43546,3768815,10580,869772420881756160
118,29014,3768815,6680,869702957897576449
119,16431,3768815,3300,869596645499047938
120,21052,3768815,4004,869227993411051520
121,54897,3768815,12435,868880397819494401
122,10485,3768815,2219,868639477480148993
123,28165,3768815,6234,868622495443632128
124,10485,3768815,2219,868552278524837888
125,24905,3768815,4410,867900495410671616
126,35055,3768815,7740,867774946302451713
127,16683,3768815,2673,867421006826221569
128,1905,3768815,134,867072653475098625
129,33289,3768815,8367,867051520902168576
130,106481,3768815,32705,866816280283807744
131,20805,3768815,5139,866720684873056260
132,20002,3768815,3707,866686824827068416
133,106481,3768815,32705,866450705531457537
134,54493,3768815,15442,866334964761202691
135,37150,3768815,8882,866094527597207552
136,26528,3768816,5975,865718153858494464
137,27416,3768816,5351,865359393868664832
138,28978,3768816,8162,865006731092295680
139,33537,3768816,9320,864873206498414592
140,15134,3768816,3251,864279568663928832
141,31314,3768816,9552,864197398364647424
142,21390,3768816,4419,863907417377173506
143,15875,3768816,4464,863553081350529029
144,8911,3768816,2664,863471782782697472
145,24734,3768816,5627,863432100342583297
146,2349,3768816,105,863427515083354112
147,9068,3768816,1188,863079547188785154
148,8911,3768816,2664,863062471531167744
149,19946,3768817,5421,862831371563274240
150,17722,3768817,3782,862722525377298433
151,21405,3768817,5342,862457590147678208
152,77714,3768817,24997,862096992088072192
153,37599,3768816,11456,861383897657036800
154,17961,3768816,4465,861288531465048066
155,17460,3768816,4093,861005113778896900
156,7841,3768816,2317,860981674716409858
157,10583,3768816,879,860924035999428608
158,7841,3768816,2317,860563773140209665
159,24590,3768817,5664,860524505164394496
160,19081,3768816,3724,860276583193509888
161,17429,3768816,6277,860184849394610176
162,54793,3768816,33231,860177593139703809
163,19962,3768816,4320,859924526012018688
164,16044,3768816,3762,859851578198683649
165,19391,3768816,1695,859607811541651456
166,94035,3768816,32589,859196978902773760
167,35446,3768816,14658,859074603037188101
168,29844,3768816,8762,858860390427611136
169,16242,3768817,3746,858843525470990336
170,22528,3768817,5243,858471635011153920
171,16459,3768818,3140,858107933456039936
172,16883,3768818,2790,857989990357356544
173,35902,3768818,11452,857746408056729600
174,6213,3768818,1772,857393404942143489
175,20956,3768818,4903,857263160327368704
176,242,3768818,20,857214891891077121
177,5471,3768818,182,857062103051644929
178,19838,3768818,4342,857029823797047296
179,41876,3768819,11580,856602993587888130
180,17075,3768820,3113,856543823941562368
181,12412,3768820,2053,856526610513747968
182,11245,3768821,729,856330835276025856
183,540,3768821,17,856288084350160898
184,29007,3768821,6818,856282028240666624
185,354,3768821,28,855862651834028034
186,4687,3768822,1092,855860136149123072
187,12449,3768822,2299,855857698524602368
188,47679,3768822,19118,855851453814013952
189,27952,3768822,5905,855818117272018944
190,31563,3768822,8946,855459453768019968
191,26494,3768822,6521,855245323840757760
192,837,3768821,50,855138241867124737
193,24116,3768944,6657,854732716440526848
194,30979,3768821,7546,854482394044301312
195,19954,3768821,5123,854365224396361728
196,33792,3768821,8245,854120357044912130
197,17120,3768821,3419,854010172552949760
198,30306,3768821,6350,853760880890318849
199,37042,3768821,11198,853639147608842240
200,16456,3768821,3913,853299958564483072
201,7867,3768822,2226,852936405516943360
202,9610,3768823,2024,852912242202992640
203,15869,3768823,2371,852672615818899456
204,17419,3768823,3858,852553447878664193
205,35201,3768823,10906,852311364735569921
206,21318,3768824,7530,852226086759018497
207,12176,3768824,1733,852189679701164033
208,37930,3768824,10647,851953902622658560
209,773,3768825,23,851861385021730816
210,17240,3768825,3808,851591660324737024
211,25855,3768825,7803,851464819735769094
212,22011,3768825,6315,851224888060895234
213,33213,3768825,10285,850753642995093505
214,13946,3768826,2894,850380195714523136
215,3631,3768826,365,850333567704068097
216,17454,3768826,4224,850145622816686080
217,21874,3768826,5429,850019790995546112
218,32267,3768827,8366,849776966551130114
219,22062,3768827,5490,849668094696017920
220,16978,3768827,3461,849412302885593088
221,12196,3768827,2088,849336543269576704
222,32482,3768827,7337,849051919805034497
223,26990,3768827,4795,848690551926992896
224,20143,3768827,4012,848324959059550208
225,8799,3768827,825,848213670039564288
226,17545,3768827,3421,848212111729840128
227,18715,3768828,3634,847978865427394560
228,4703,3768828,479,847971574464610304
229,25198,3768829,5700,847962785489326080
230,5910,3768829,1513,847842811428974592
231,7523,3768829,462,847617282490613760
232,20130,3768830,3756,847606175596138505
233,21935,3768830,4773,847251039262605312
234,21492,3768830,6528,847157206088847362
235,23028,3768830,3564,847116187444137987
236,21597,3768831,4381,846874817362120707
237,48198,3768830,12992,846514051647705089
238,15250,3768830,3468,846505985330044928
239,34263,3768830,10154,846153765933735936
240,33099,3768831,10908,846139713627017216
241,17192,3768831,3206,846042936437604353
242,31600,3768831,9815,845812042753855489
243,27040,3768832,5333,845677943972139009
244,28385,3768832,14970,845459076796616705
245,8215,3768831,2056,845397057150107648
246,25123,3768832,6013,845306882940190720
247,25743,3768832,8595,845098359547420673
248,14678,3768832,2891,844979544864018432
249,16307,3768832,3597,844973813909606400
250,41876,3768832,11580,844704788403113984
251,17787,3768832,3516,844580511645339650
252,14700,3768832,2437,844223788422217728
253,16275,3768832,3268,843981021012017153
254,23113,3768832,5200,843856843873095681
255,18234,3768831,3066,843604394117681152
256,23218,3768831,6809,843235543001513987
257,106634,3768831,56373,842892208864923648
258,16380,3768831,4008,842846295480000512
259,7292,3768830,1435,842765311967449089
260,19561,3768830,3921,842535590457499648
261,26494,3768830,6521,842163532590374912
262,15145,3768830,3363,842115215311396866
263,38096,3768831,17399,841833993020538882
264,27739,3768832,8703,841680585030541313
265,13703,3768832,4138,841439858740625411
266,21340,3768831,6056,841320156043304961
267,17224,3768831,5283,841314665196081154
268,24841,3768831,5956,841077006473256960
269,9722,3768831,1960,840761248237133825
270,49526,3768831,18176,840728873075638272
271,195,3768831,3,840698636975636481
272,13323,3768831,1108,840696689258311684
273,9722,3768831,1960,840632337062862849
274,17859,3768832,5117,840370681858686976
275,20863,3768832,6460,840268004936019968
276,14575,3768832,2579,839990271299457024
277,29844,3768832,8762,839549326359670784
278,1996,3768832,159,839290600511926273
279,29552,3768833,7375,839239871831150596
280,21237,3768833,4479,838952994649550848
281,12135,3768833,2341,838921590096166913
282,792,3768833,37,838916489579200512
283,33545,3768834,12544,838831947270979586
284,11849,3768834,1494,838561493054533637
285,24569,3768835,5452,838476387338051585
286,34862,3768835,11466,838201503651401729
287,1819,3768835,366,838150277551247360
288,150,3768836,0,838085839343206401
289,19124,3768836,3557,838083903487373313
290,37150,3768836,8882,837820167694528512
291,4189,3768836,494,837482249356513284
292,13909,3768836,2611,837471256429613056
293,22964,3768836,5969,837366284874571778
294,17408,3768836,2718,837110210464448512
295,1392,3768836,86,837012587749474308
296,13823,3768836,2598,836989968035819520
297,20944,3768836,5201,836753516572119041
298,13733,3768836,2511,836677758902222849
299,7078,3768836,622,836648853927522308
300,57371,3768836,31140,836397794269200385
301,15976,3768836,3321,836380477523124226
302,23100,3768836,4832,836260088725786625
303,20840,3768836,4901,836001077879255040
304,29595,3768837,9272,835685285446955009
305,19379,3768838,4097,835574547218894849
306,8467,3768838,1930,835536468978302976
307,40913,3768838,23870,835309094223372289
308,17791,3768838,3368,835297930240217089
309,8467,3768838,1930,835264098648616962
310,2248,3768838,82,835246439529840640
311,28461,3768838,6493,835172783151792128
312,24478,3768838,3425,835152434251116546
313,11791,3768838,1872,834931633769889797
314,22874,3768838,6132,834786237630337024
315,14939,3768838,2868,834574053763584002
316,34779,3768838,12146,834477809192075265
317,10482,3768839,1893,834458053273591808
318,22505,3768839,5442,834209720923721728
319,17141,3768840,4111,834167344700198914
320,10957,3768840,2420,834089966724603904
321,14240,3768840,2504,834086379323871233
322,14594,3768840,2717,833863086058651648
323,16661,3768839,3886,833826103416520705
324,2149,3768840,250,833732339549220864
325,22501,3768840,3626,833722901757046785
326,16193,3768840,2345,833479644947025920
327,22062,3768840,5490,833124694597443584
328,14506,3768840,2508,832998151111966721
329,1460,3768840,44,832769181346996225
330,18356,3768840,4109,832757312314028032
331,12969,3768840,3348,832682457690300417
332,3185,3768840,590,832645525019123713
333,17310,3768840,3202,832636094638288896
334,13067,3768840,2533,832397543355072512
335,18715,3768841,3634,832369877331693569
336,12339,3768841,2657,832273440279240704
337,20221,3768840,7033,832215909146226688
338,27474,3768840,10673,832215726631055365
339,72,3768840,3,832088576586297345
340,34822,3768840,11050,832040443403784192
341,13826,3768840,4720,832032802820481025
342,26297,3768840,6992,831939777352105988
343,369,3768840,39,831926988323639298
344,30248,3768841,7409,831911600680497154
345,11439,3768842,2053,831670449226514432
346,7868,3768966,2226,831650051525054464
347,9843,3768843,2620,831552930092285952
348,10011,3768844,1737,831322785565769729
349,7087,3768843,1261,831315979191906304
350,12777,3768843,2772,831309418084069378
351,13018,3768844,2338,831262627380748289
352,8705,3768844,1725,830956169170665475
353,73157,3768846,19188,830583320585068544
354,22165,3768846,6519,830173239259324417
355,10769,3768846,3441,830097400375152640
356,23675,3768846,5734,829878982036299777
357,13402,3768846,2234,829861396166877184
358,34779,3768846,12146,829501995190984704
359,11484,3768846,2319,829449946868879360
360,37930,3768846,10647,829374341691346946
361,26859,3768846,8486,829141528400556032
362,58067,3768846,18527,829011960981237760
363,16308,3768847,3880,828801551087042563
364,27990,3768848,6713,828770345708580865
365,40107,3768848,12811,828708714936930305
366,10437,3768848,1540,828650029636317184
367,6873,3768848,1300,828409743546925057
368,8368,3768848,1468,828408677031882754
369,13819,3768848,2540,828381636999917570
370,8084,3768849,1210,828376505180889089
371,13706,3768849,3325,828372645993398273
372,2401,3768849,194,828361771580813312
373,12887,3768851,3245,828046555563323392
374,11364,3768851,2441,828011680017821696
375,22098,3768851,5958,827933404142436356
376,16917,3768851,3414,827653905312006145
377,8125,3768851,1080,827600520311402496
378,17444,3768851,3490,827324948884643840
379,25970,3768851,13452,827228250799742977
380,11609,3768851,2566,827199976799354881
381,23675,3768851,5734,826958653328592898
382,40170,3768851,11805,826848821049180160
383,17181,3768851,4498,826615380357632002
384,5617,3768851,292,826598799820865537
385,11076,3768851,2701,826598365270007810
386,20201,3768851,4801,826476773533745153
387,14564,3768851,2957,826240494070030336
388,5340,3768851,1070,826204788643753985
389,17239,3768851,3584,826115272272650244
390,11481,3768851,2138,825876512159186944
391,13974,3768851,2837,825829644528148480
392,56199,3768851,19563,825535076884762624
393,20129,3768851,5223,825147591692263424
394,6991,3768851,1477,825120256414846976
395,6991,3768851,1477,825026590719483904
396,18062,3768852,6262,824796380199809024
397,16440,3768852,4042,824775126675836928
398,11068,3768852,1986,824663926340194305
399,12961,3768852,11791,824325613288833024
400,16567,3768853,4442,824297048279236611
401,5234,3768853,675,824025158776213504
402,11712,3768853,3110,823939628516474880
403,33358,3768854,12874,823719002937630720
404,13786,3768855,2764,823699002998870016
405,14336,3768855,3020,823581115634085888
406,773,3768855,30,823333489516937216
407,17363,3768855,4615,823322678127919110
408,38696,3768855,11350,823269594223824897
409,19071,3768855,3936,822975315408461824
410,132318,3768855,47958,822872901745569793
411,14526,3768855,2611,822859134160621569
412,20023,3768855,7349,822647212903690241
413,16259,3768855,3409,822610361945911296
414,20023,3768855,7349,822489057087389700
415,31684,3768855,17089,822462944365645825
416,38696,3768856,11350,822244816520155136
417,17100,3768856,5529,822163064745328640
418,12529,3768856,2682,821886076407029760
419,13464,3768856,3810,821813639212650496
420,9285,3768856,1893,821765923262631936
421,8842,3768856,2021,821522889702862852
422,18547,3768856,6424,821421320206483457
423,13026,3768856,5031,821407182352777218
424,278,3768857,10,821153421864615936
425,9678,3768857,2309,821149554670182400
426,10596,3768857,2477,821107785811234820
427,13974,3768857,2622,821044531881721856
428,25548,3768857,7694,820837357901512704
429,34862,3768857,11466,820749716845686786
430,13476,3768857,3699,820690176645140481
431,3696,3768857,646,820494788566847489
432,17024,3768857,2968,820446719150292993
433,3696,3768857,646,820314633777061888
434,21891,3768857,7216,820078625395449857
435,5905,3768857,1361,820013781606658049
436,5903,3768858,1361,819952236453363712
437,14243,3768858,5576,819924195358416896
438,14863,3768858,3583,819711362133872643
439,10556,3768858,2259,819588359383371776
440,7982,3768858,1377,819347104292290561
441,2539,3768857,459,819238181065359361
442,25548,3768857,7694,819227688460238848
443,95138,3768857,42045,819015337530290176
444,49786,3768857,21699,819015331746349057
445,49786,3768857,21699,819006400881917954
446,95138,3768857,42045,819004803107983360
447,47106,3768857,23959,818646164899774465
448,24481,3768857,8527,818627210458333184
449,10920,3768858,2965,818614493328580609
450,24461,3768858,7085,818588835076603904
451,12086,3768858,2864,818536468981415936
452,33829,3768858,9331,818307523543449600
453,12163,3768858,2611,818259473185828864
454,13621,3768859,2993,818145370475810820
455,5337,3768859,902,817908911860748288
456,57371,3768860,31140,817827839487737858
457,11855,3768861,3071,817777686764523521
458,13051,3768861,3488,817536400337801217
459,10227,3768860,3902,817502432452313088
460,38096,3768859,17399,817423860136083457
461,6234,3768859,1122,817415592588222464
462,24964,3768859,9846,817181837579653120
463,9650,3768860,2315,817171292965273600
464,13331,3768860,3004,817120970343411712
465,9489,3768861,1916,817056546584727552
466,18527,3768862,5468,816829038950027264
467,11030,3768840,2350,816816676327063552
468,10860,3768862,2529,816697700272001025
469,33829,3768862,9331,816450570814898180
470,9529,3768862,2253,816336735214911488
471,9882,3768863,2490,816091915477250048
472,5526,3768863,1201,816062466425819140
473,16251,3768863,6115,816014286006976512
474,5526,3768864,1201,815990720817401858
475,24964,3768864,9846,815966073409433600
476,14627,3768864,4774,815745968457060357
477,10894,3768864,2607,815736392542261248
478,9130,3768864,1901,815639385530101762
479,11423,3768864,4388,815390420867969024
480,8447,3768865,1500,814986499976527872
481,12481,3768866,3119,814638523311648768
482,18319,3768866,6716,814578408554463233
483,9597,3768866,2143,814530161257443328
484,31880,3768866,10034,814153002265309185
485,14015,3768866,3717,813944609378369540
486,10296,3768866,2180,813910438903693312
487,40231,3768866,16183,813812741911748608
488,9265,3768867,2042,813800681631023104
489,20708,3768867,8436,813217897535406080
490,10160,3768867,2079,813202720496779264
491,22007,3768867,5063,813187593374461952
492,10344,3768867,2227,813172488309972993
493,8553,3768867,2547,813157409116065792
494,9316,3768868,2714,813142292504645637
495,4949,3768868,511,813130366689148928
496,13188,3768868,3628,813127251579564032
497,11462,3768868,3208,813112105746448384
498,11644,3768868,4187,813096984823349248
499,10956,3768868,3201,813081950185472002
500,8825,3768868,2259,813066809284972545
501,23221,3768847,8455,813051746834595840
502,8342,3768869,2187,812781120811126785
503,18203,3768869,8025,812747805718642688
504,7344,3768869,1658,812709060537683968
505,6759,3768869,1419,812503143955202048
506,8873,3768869,2218,812466873996607488
507,15161,3768869,4230,812372279581671427
508,8067,3768870,1642,811985624773361665
509,8390,3768870,1873,811744202451197953
510,6189,3768870,866,811647686436880384
511,14210,3768870,3633,811627233043480576
512,23211,3768871,7405,811386762094317568
513,5904,3768871,1647,810984652412424192
514,10057,3768871,2082,810896069567610880
515,12150,3768871,3043,810657578271330305
516,39481,3768871,13304,810284430598270976
517,16308,3768871,3880,810254108431155201
518,17181,3768871,4498,809920764300447744
519,18820,3768871,5679,809808892968534016
520,7693,3768871,1687,809448704142938112
521,22165,3768871,6519,809220051211603969
522,14628,3768871,4029,809084759137812480
523,11221,3768871,3516,808838249661788160
524,8769,3768872,2502,808733504066486276
525,12533,3768873,2996,808501579447930884
526,47106,3768873,23959,808344865868283904
527,27290,3768873,6925,808134635716833280
528,9671,3768873,2515,808106460588765185
529,13948,3768873,4075,808001312164028416
530,16179,3768873,4267,807621403335917568
531,106634,3768873,56373,807106840509214720
532,26849,3768873,8471,807059379405148160
533,14452,3768874,4402,807010152071229440
534,83401,3768874,40437,806629075125202948
535,23074,3768874,6383,806620845233815552
536,5350,3768874,2216,806576416489959424
537,11321,3768874,2747,806542213899489280
538,32504,3768874,13512,806242860592926720
539,7122,3768874,1383,806219024703037440
540,19173,3768874,6201,805958939288408065
541,9164,3768875,2195,805932879469572096
542,7304,3768875,2126,805826884734976000
543,22401,3768875,9320,805823200554876929
544,6342,3768875,1899,805520635690676224
545,9734,3768875,2916,805487436403003392
546,8644,3768875,1964,805207613751304193
547,15262,3768875,4461,804738756058218496
548,6856,3768875,2341,804475857670639616
549,11267,3768875,3698,804413760345620481
550,49596,3768875,18791,804026241225523202
551,11157,3768875,3202,803773340896923648
552,21182,3768875,8638,803692223237865472
553,12226,3768875,4803,803638050916102144
554,8575,3768875,2155,803380650405482500
555,17733,3768875,6178,803321560782307329
556,11161,3768875,2868,803276597545603072
557,10047,3768875,2322,802952499103731712
558,12468,3768877,3390,802624713319034886
559,7919,3768877,1700,802600418706604034
560,9919,3768878,2909,802572683846291456
561,18061,3768878,6780,802323869084381190
562,7011,3768878,1568,802265048156610565
563,16444,3768878,5202,802247111496568832
564,10088,3768879,3029,802239329049477120
565,2915,3768879,314,802185808107208704
566,8574,3768880,1984,801958328846974976
567,1948,3768880,274,801854953262350336
568,9109,3768880,2377,801538201127157760
569,6760,3768880,955,801285448605831168
570,27290,3768880,6925,801167903437357056
571,15351,3768880,4598,801127390143516673
572,8972,3768881,2417,801115127852503040
573,774,3768881,113,800859414831898624
574,11520,3768881,1884,800855607700029440
575,11655,3768881,3203,800751577355128832
576,14632,3768882,3476,800513324630806528
577,10499,3768882,2480,800459316964663297
578,13050,3768882,5024,800443802682937345
579,12409,3768882,3250,800388270626521089
580,13953,3768883,4555,800188575492947969
581,17023,3768883,2968,800141422401830912
582,31655,3768883,15274,800018252395122689
583,17218,3768883,5448,799774291445383169
584,9352,3768883,2497,799757965289017345
585,8938,3768883,2207,799422933579902976
586,24093,3768883,6425,799308762079035393
587,11024,3768882,3214,799297110730567681
588,9024,3768882,2852,799063482566066176
589,14669,3768881,5177,798933969379225600
590,8223,3768881,1657,798925684722855936
591,19797,3768880,7685,798705661114773508
592,20628,3768880,9060,798701998996647937
593,20286,3768880,7555,798697898615730177
594,13398,3768880,5779,798694562394996736
595,8308,3768880,2690,798686750113755136
596,13733,3768881,5486,798682547630837760
597,18404,3768881,6454,798673117451325440
598,8955,3768881,4494,798665375516884993
599,7091,3768882,2142,798644042770751489
600,7118,3768882,2265,798628517273620480
601,15028,3768882,6589,798585098161549313
602,14703,3768882,6835,798576900688019456
603,13308,3768882,3901,798340744599797760
604,11508,3768883,2947,798209839306514432
605,12975,3768883,3636,797971864723324932
606,16135,3768883,5622,797545162159308800
607,22250,3768883,7693,797236660651966464
608,255,3768883,32,797165961484890113
609,21968,3768883,10356,796904159865868288
610,8528,3768883,2188,796865951799083009
611,13222,3768883,3549,796759840936919040
612,24088,3768883,8471,796563435802726400
613,8444,3768883,2035,796484825502875648
614,12278,3768883,4830,796387464403357696
615,36048,3768883,16559,796177847564038144
616,36048,3768883,16559,796149749086875649
617,5486,3768883,2071,796125600683540480
618,10109,3768883,2796,796116448414461957
619,9426,3768884,2690,796080075804475393
620,12020,3768884,4271,796031486298386433
621,55479,3768884,27586,795464331001561088
622,11229,3768884,3310,795400264262053889
623,18062,3768884,6262,795076730285391872
624,13117,3768886,3924,794983741416415232
625,11454,3768886,2684,794926597468000259
626,30604,3768887,11969,794355576146903043
627,10648,3768865,3076,794332329137291264
628,10273,3768889,3874,794205286408003585
629,18820,3768889,5679,793962221541933056
630,10247,3768889,2177,793845145112371200
631,13086,3768889,3646,793614319594401792
632,8881,3768889,1901,793601777308463104
633,11908,3768868,2772,793500921481273345
634,27474,3768890,10673,793286476301799424
635,9649,3768890,2751,793271401113350145
636,22263,3768892,9661,793256262322548741
637,11741,3768892,3790,793241302385262592
638,10961,3768892,3322,793226087023144960
639,9957,3768892,3282,793210959003287553
640,17001,3768892,6504,793195938047070209
641,7710,3768892,2306,793180763617361921
642,10436,3768894,3227,793165685325201412
643,6886,3768894,1982,793150605191548928
644,7182,3768894,2884,793135492858580992
645,14138,3768894,4533,793120401413079041
646,16001,3768894,4693,792913359805018113
647,12612,3768894,4950,792883833364439040
648,8170,3768894,1958,792773781206999040
649,15071,3768894,4976,792394556390137856
650,7992,3768895,2080,792050063153438720
651,38343,3768895,24370,791821351946420224
652,20038,3768895,11208,791784077045166082
653,10466,3768895,4411,791780927877898241
654,37678,3768896,21061,791774931465953280
655,13086,3768896,3646,791672322847637504
656,14627,3768896,4774,791406955684368384
657,9801,3768896,2947,791312159183634433
658,13984,3768896,4818,791026214425268224
659,11041,3768896,2468,790987426131050500
660,18527,3768896,5468,790946055508652032
661,10311,3768896,2686,790723298204217344
662,9118,3768897,2191,790698755171364864
663,22397,3768897,8143,790581949425475584
664,8696,3768897,2160,790337589677002753
665,14015,3768897,3717,790277117346975746
666,13468,3768897,4171,790227638568808452
667,10311,3768897,2686,789986466051088384
668,11451,3768897,4816,789960241177853952
669,11614,3768897,4833,789903600034189313
670,8410,3768897,2072,789628658055020548
671,7579,3768897,2267,789599242079838210
672,13117,3768897,3924,789530877013393408
673,9574,3768897,2655,789314372632018944
674,14563,3768897,5720,789280767834746880
675,10147,3768898,2996,789268448748703744
676,10824,3768898,3232,789137962068021249
677,30520,3768898,14347,788908386943430656
678,30604,3768898,11969,788765914992902144
679,19376,3768899,8365,788552643979468800
680,15998,3768899,5964,788412144018661376
681,8060,3768899,2477,788178268662984705
682,6837,3768899,1502,788150585577050112
683,12422,3768899,3933,788070120937619456
684,6838,3768899,1529,788039637453406209
685,9678,3768899,3523,787810552592695296
686,11370,3768900,3226,787717603741622272
687,12064,3768900,3281,787397959788929025
688,8687,3768900,2024,787322443945877504
689,13903,3768902,7746,787111942498508800
690,29595,3768903,9272,786963064373534720
691,9382,3768903,2809,786729988674449408
692,20221,3768903,7033,786709082849828864
693,11908,3768903,2981,786664955043049472
694,10460,3768903,3575,786595970293370880
695,12129,3768903,4054,786363235746385920
696,8892,3768903,3328,786286427768250368
697,17100,3768903,5529,786233965241827333
698,1607,3768903,178,786051337297522688
699,21161,3768903,8148,786036967502913536
700,12636,3768903,3627,785927819176054784
701,7452,3768903,2112,785872687017132033
702,8680,3768903,2545,785639753186217984
703,10146,3768903,2318,785533386513321988
704,6782,3768904,1466,785515384317313025
705,8095,3768904,1897,785264754247995392
706,13438,3768904,5608,785170936622350336
707,11268,3768904,3698,784826020293709826
708,10005,3768904,2945,784517518371221505
709,6308,3768905,1479,784431430411685888
710,22401,3768883,9320,784183165795655680
711,33358,3768906,12874,784057939640352768
712,33544,3768906,12544,783839966405230592
713,8176,3768907,2259,783821107061198850
714,11595,3768907,3706,783695101801398276
715,9426,3768908,2586,783466772167098368
716,18821,3768908,6393,783391753726550016
717,15725,3768909,6495,783347506784731136
718,32504,3768909,13512,783334639985389568
719,9069,3768909,2541,783085703974514689
720,26849,3768910,8471,782969140009107456
721,8276,3768910,1593,782747134529531904
722,19173,3768910,6201,782722598790725632
723,8664,3768911,2177,782598640137187329
724,18547,3768911,6424,782305867769217024
725,18484,3768911,7196,782021823840026624
726,12317,3768912,3885,781955203444699136
727,11586,3768912,3107,781661882474196992
728,4445,3768912,1305,781655249211752448
729,23074,3768913,6383,781524693396357120
730,7932,3768913,2933,781308096455073793
731,9403,3768913,2430,781251288990355457
732,10852,3768913,3149,781163403222056960
733,24088,3768913,8471,780931614150983680
734,8007,3768913,2311,780858289093574656
735,6114,3768914,1493,780800785462489090
736,13464,3768914,3810,780601303617732608
737,7001,3768914,2008,780543529827336192
738,10771,3768914,4293,780496263422808064
739,963,3768914,136,780476555013349377
740,5868,3768914,1221,780459368902959104
741,9671,3768914,2571,780192070812196864
742,8365,3768914,2644,780092040432480260
743,13667,3768914,5756,780074436359819264
744,21161,3768914,8148,779834332596887552
745,9791,3768914,3584,779377524342161408
746,34731,3768914,21187,779124354206535695
747,13146,3768914,4189,779123168116150273
748,16444,3768915,5202,779056095788752897
749,22262,3768915,8371,778990705243029504
750,21213,3768916,11474,778774459159379968
751,952,3768916,422,778764940568104960
752,7681,3768916,1549,778748913645780993
753,6415,3768916,1714,778650543019483137
754,5166,3768916,1165,778624900596654080
755,15089,3768917,4988,778408200802557953
756,28862,3768917,14089,778396591732486144
757,6502,3768917,1264,778383385161035776
758,11529,3768919,3804,778286810187399168
759,9386,3768919,3040,778039087836069888
760,7292,3768918,1867,778027034220126208
761,12104,3768918,4053,777953400541634568
762,7054,3768918,1882,777885040357281792
763,12468,3768919,3390,777684233540206592
764,14506,3768919,4915,777641927919427584
765,9706,3768919,2884,777621514455814149
766,15858,3768919,4965,777189768882946048
767,39558,3768919,15743,776819012571455488
768,5420,3768919,1393,776813020089548800
769,9823,3768920,3223,776477788987613185
770,25015,3768920,10590,776249906839351296
771,33209,3768920,18343,776218204058357768
772,10635,3768920,2890,776201521193218049
773,13050,3768920,5024,776113305656188928
774,2037,3768920,177,776088319444877312
775,44456,3768920,17522,775898661951791106
776,12980,3768920,3083,775842724423557120
777,15351,3768920,4598,775733305207554048
778,14298,3768920,5262,775729183532220416
779,8265,3768921,3445,775364825476165632
780,11261,3768921,4496,775350846108426240
781,17218,3768921,5448,775085132600442880
782,9429,3768922,2023,774757898236878852
783,7461,3768922,2000,774639387460112384
784,24093,3768922,6425,774314403806253056
785,11869,3768922,4449,773985732834758656
786,7078,3768922,1980,773922284943896577
787,7287,3768923,1873,773704687002451968
788,5910,3768924,1489,773670353721753600
789,24461,3768924,7085,773547596996571136
790,11692,3768924,5860,773336787167145985
791,25743,3768924,8595,773308824254029826
792,10368,3768924,3672,773247561583001600
793,11079,3768924,4713,773191612633579521
794,9525,3768924,4462,772877495989305348
795,8820,3768924,2654,772826264096874500
796,12843,3768925,3881,772615324260794368
797,7167,3768925,1954,772581559778025472
798,6642,3768925,1596,772193107915964416
799,4168,3768925,1292,772152991789019136
800,4153,3768925,844,772117678702071809
801,2994,3768925,544,772114945936949249
802,4438,3768925,1060,772102971039580160
803,7266,3768925,2158,771908950375665664
804,13308,3768925,3901,771770456517009408
805,9146,3768925,2992,771500966810099713
806,11692,3768925,5860,771380798096281600
807,14374,3768926,8653,771171053431250945
808,10184,3768926,3337,771136648247640064
809,6875,3768926,1648,771102124360998913
810,6998,3768926,1768,771014301343748096
811,2400,3768926,252,771004394259247104
812,5478,3768926,1407,770787852854652928
813,5734,3768927,1611,770772759874076672
814,74884,3768927,52101,770743923962707968
815,8092,3768928,1999,770655142660169732
816,6962,3768928,2369,770414278348247044
817,6899,3768928,1703,770293558247038976
818,10295,3768929,3492,770093767776997377
819,8353,3768929,2633,770069151037685760
820,34822,3768929,11050,769940425801170949
821,7073,3768929,1911,769695466921623552
822,15879,3768929,8780,769335591808995329
823,5963,3768929,1954,769212283578875904
824,15958,3768929,7503,768970937022709760
825,8230,3768929,3103,768909767477751808
826,4645,3768929,1028,768855141948723200
827,4562,3768929,1378,768609597686943744
828,5565,3768929,1464,768596291618299904
829,21815,3768929,6673,768554158521745409
830,15048,3768929,3932,768473857036525572
831,12104,3768929,4053,768193404517830656
832,5284,3768930,1618,767884188863397888
833,17733,3768930,6178,767754930266464257
834,8253,3768930,2671,767500508068192258
835,13576,3768930,4372,767191397493538821
836,11180,3768930,3246,767122157629476866
837,16212,3768930,6481,766864461642756096
838,5626,3768930,1556,766793450729734144
839,2862,3768930,435,766714921925144576
840,4467,3768930,912,766693177336135680
841,6651,3768930,1810,766423258543644672
842,7467,3768930,2156,766313316352462849
843,7658,3768930,2955,766078092750233600
844,4735,3768930,997,766069199026450432
845,4120,3768933,568,766008592277377025
846,7990,3768935,2461,765719909049503744
847,5724,3768935,1402,765669560888528897
848,20472,3768935,3114,765395769549590528
849,7813,3768936,2461,765371061932261376
850,12843,3768937,3881,765222098633691136
851,7072,3768937,2016,764857477905154048
852,6688,3768938,1735,764259802650378240
853,806,3768938,61,763956972077010945
854,13984,3768938,4818,763837565564780549
855,5981,3768939,1690,763183847194451968
856,7996,3768939,3471,763167063695355904
857,8120,3768939,2587,763103485927849985
858,13468,3768939,4171,762699858130116608
859,12526,3768941,7546,762471784394268675
860,11451,3768941,4816,762464539388485633
861,5336,3768941,1288,762316489655476224
862,35270,3768941,17815,762035686371364864
863,5962,3768941,2297,761976711479193600
864,10413,3768942,4511,761750502866649088
865,4692,3768942,975,761745352076779520
866,54793,3768943,33230,761672994376806400
867,4559,3768943,1330,761599872357261312
868,35709,3768943,20400,761371037149827077
869,5761,3768943,1658,761334018830917632
870,4937,3768944,1256,761292947749015552
871,5891,3768944,1766,761227390836215808
872,12422,3768945,3933,761004547850530816
873,4212,3768945,1101,760893934457552897
874,7308,3768946,2198,760656994973933572
875,5455,3768946,1477,760641137271070720
876,8354,3768946,4148,760539183865880579
877,4665,3768947,1598,760521673607086080
878,29503,3768947,13070,760290219849637889
879,4326,3768948,989,760252756032651264
880,6303,3768948,2067,760190180481531904
881,221,3768948,38,760153949710192640
882,6558,3768948,2369,759943073749200896
883,16212,3768948,6481,759923798737051648
884,7399,3768948,2256,759846353224826880
885,6585,3768948,2164,759793422261743616
886,43517,3768949,24183,759566828574212096
887,5185,3768949,1337,759557299618865152
888,9382,3768949,2809,759447681597108224
889,1841,3768949,557,759446261539934208
890,6697,3768949,2208,759197388317847553
891,4087,3768949,1348,759159934323924993
892,16047,3768950,4790,759099523532779520
893,7201,3768950,2291,759047813560868866
894,3892,3768950,1022,758854675097526272
895,12323,3768950,4351,758828659922702336
896,6317,3768951,1819,758740312047005698
897,4205,3768952,1125,758474966123810816
898,5297,3768952,2516,758467244762497024
899,5729,3768952,2192,758405701903519748
900,3782,3768952,1239,758355060040593408
901,21213,3768953,11474,758099635764359168
902,2987,3768952,431,758041019896193024
903,7579,3768952,3692,757741869644341248
904,18630,3768952,9247,757729163776290825
905,4994,3768952,1384,757725642876129280
906,5007,3768952,1265,757611664640446465
907,1604,3768953,331,757597904299253760
908,4788,3768953,1206,757596066325864448
909,16667,3768953,7717,757400162377592832
910,6434,3768953,1996,757393109802180609
911,4973,3768953,1624,757354760399941633
912,6898,3768954,2260,756998049151549440
913,7306,3768954,2283,756939218950160384
914,5588,3768954,1503,756651752796094464
915,11463,3768954,4141,756526248105566208
916,4345,3768954,1224,756303284449767430
917,28385,3768954,14970,756288534030475264
918,7090,3768954,1733,756275833623502848
919,8064,3768954,3274,755955933503782912
920,18131,3768954,6120,755206590534418437
921,23353,3768954,12554,755110668769038337
922,23469,3768954,9140,754874841593970688
923,7578,3768954,2856,754856583969079297
924,2841,3768954,589,754747087846248448
925,5826,3768954,2209,754482103782404096
926,4132,3768954,840,754449512966619136
927,8628,3768954,2655,754120377874386944
928,9683,3768954,4064,754011816964026368
929,6424,3768954,2482,753655901052166144
930,8690,3768954,4049,753420520834629632
931,6357,3768776,2174,753398408988139520
932,8365,3768776,2644,753375668877008896
933,15678,3768776,6576,753298634498793472
934,3740,3768776,1183,753294487569522689
935,40913,3768776,23870,753039830821511168
936,4259,3768776,1103,753026973505581056
937,13903,3768776,7746,752932432744185856
938,7551,3768776,1781,752917284578922496
939,8020,3768776,3273,752701944171524096
940,6621,3768776,1829,752682090207055872
941,4860,3768776,1784,752660715232722944
942,6110,3768776,2588,752568224206688256
943,8116,3768776,3895,752519690950500352
944,4213,3768776,1258,752334515931054080
945,35073,3768776,18880,752309394570878976
946,6548,3768776,2097,752173152931807232
947,3397,3768776,1049,751950017322246144
948,5746,3768776,1516,751937170840121344
949,6394,3768776,2213,751830394383790080
950,6448,3768776,3299,751793661361422336
951,8665,3768776,3419,751598357617971201
952,4837,3768776,1260,751583847268179968
953,5526,3768776,1437,751538714308972544
954,3501,3768776,1120,751456908746354688
955,13727,3768776,6657,751251247299190784
956,6920,3768776,2074,751205363882532864
957,5595,3768776,1475,751132876104687617
958,5287,3768776,1585,750868782890057730
959,14563,3768777,5720,750719632563142656
960,4909,3768777,1309,750506206503038976
961,14506,3768777,4915,750429297815552001
962,4984,3768777,1300,750383411068534784
963,753,3768778,37,750381685133418496
964,3399,3768778,1091,750147208377409536
965,3977,3768778,1430,750132105863102464
966,4725,3768779,1458,750117059602808832
967,3336,3768779,953,750101899009982464
968,2375,3768779,612,750086836815486976
969,8618,3768779,3782,750071704093859840
970,3429,3768779,1006,750056684286914561
971,3484,3768778,701,750041628174217216
972,2973,3768778,884,750026558547456000
973,3553,3768778,1030,750011400160841729
974,3319,3768778,913,749996283729883136
975,5594,3768778,2769,749981277374128128
976,5092,3768778,1489,749774190421639168
977,6688,3768778,1891,749417653287129088
978,2878,3768778,617,749403093750648834
979,9457,3768778,3927,749395845976588288
980,6038,3768777,2496,749317047558017024
981,6332,3768777,2349,749075273010798592
982,5259,3768778,1708,749064354620928000
983,3411,3768777,893,749036806121881602
984,11187,3768777,3746,748977405889503236
985,6425,3768777,2555,748932637671223296
986,3028,3768777,1059,748705597323898880
987,5190,3768777,1810,748699167502000129
988,4635,3768777,1496,748692773788876800
989,6663,3768778,2258,748575535303884801
990,2399,3768778,771,748568946752774144
991,5709,3768778,1404,748346686624440324
992,8415,3768779,4673,748337862848962560
993,4059,3768782,865,748324050481647620
994,4009,3768782,805,748307329658011649
995,15471,3768782,8775,748220828303695873
996,6360,3768782,2433,747963614829678593
997,7266,3768783,2881,747933425676525569
998,3226,3768783,1112,747885874273214464
999,3070,3768783,846,747844099428986880
1000,5316,3768783,1309,747816857231626240
1001,1510,3768783,177,747651430853525504
1002,14119,3768783,6577,747648653817413632
1003,2536,3768784,615,747600769478692864
1004,4043,3768784,1199,747594051852075008
1005,6085,3768784,1796,747512671126323200
1006,4238,3768784,1165,747461612269887489
1007,5942,3768784,2175,747439450712596480
1008,7243,3768784,3244,747242308580548608
1009,5766,3768784,1779,747219827526344708
1010,3706,3768784,1033,747204161125646336
1011,10495,3768784,4527,747103485104099331
1012,3158,3768784,334,746906459439529985
1013,6556,3768786,2418,746872823977771008
1014,5785,3768786,1933,746818907684614144
1015,5322,3768786,1800,746790600704425984
1016,10466,3768786,4411,746757706116112384
1017,6622,3768786,2028,746726898085036033
1018,5497,3768786,2095,746542875601690625
1019,3155,3768786,1103,746521445350707200
1020,5074,3768786,1222,746507379341139972
1021,6611,3768786,1846,746369468511756288
1022,7539,3768786,2493,746131877086527488
1023,3884,3768787,927,746056683365994496
1024,4413,3768787,1201,745789745784041472
1025,7620,3768787,2626,745712589599014916
1026,7780,3768788,2874,745433870967832576
1027,9367,3768788,2754,745422732645535745
1028,7830,3768789,3113,745314880350101504
1029,8566,3768792,3957,745074613265149952
1030,7909,3768792,2568,745057283344719872
1031,3265,3768792,707,744995568523612160
1032,8608,3768792,3027,744971049620602880
1033,6127,3768792,1757,744709971296780288
1034,7407,3768792,2404,744334592493166593
1035,130533,3768791,79116,744234799360020481
1036,1857,3768791,423,744223424764059648
1037,4530,3768791,1227,743980027717509120
1038,3974,3768791,1079,743895849529389061
1039,4827,3768791,2372,743835915802583040
1040,4889,3768791,1554,743609206067040256
1041,20183,3768791,7411,743595368194129920
1042,3851,3768791,1060,743545585370791937
1043,8626,3768791,4165,743510151680958465
1044,4600,3768792,1359,743253157753532416
1045,6764,3768792,2151,743222593470234624
1046,4186,3768792,1545,743210557239623680
1047,7704,3768792,3989,742534281772302336
1048,4858,3768792,2234,742528092657332225
1049,7886,3768792,4363,742465774154047488
1050,10771,3768791,4293,742423170473463808
1051,7432,3768791,2251,742385895052087300
1052,4726,3768791,1537,742161199639494656
1053,5624,3768791,1771,742150209887731712
1054,4959,3768791,1691,741793263812808706
1055,8905,3768793,3121,741743634094141440
1056,4005,3768793,935,741438259667034112
1057,9600,3768793,3631,741303864243200000
1058,10947,3768793,6218,741099773336379392
1059,10295,3768793,3492,741067306818797568
1060,6984,3768793,3131,740995100998766593
1061,3724,3768793,1058,740711788199743490
1062,3088,3768793,884,740699697422163968
1063,19797,3768793,7685,740676976021798912
1064,37704,3768793,15029,740373189193256964
1065,2715,3768793,488,740365076218183684
1066,3600,3768793,959,740359016048689152
1067,7300,3768793,2211,740214038584557568
1068,21815,3768793,6673,739979191639244800
1069,4426,3768794,1211,739932936087216128
1070,4128,3768794,958,739844404073074688
1071,4163,3768794,1541,739623569819336705
1072,5878,3768794,1867,739606147276148736
1073,43517,3768794,24183,739544079319588864
1074,7850,3768795,3295,739485634323156992
1075,74885,3768953,52101,739238157791694849
1076,115,3768797,6,738891149612572673
1077,4114,3768798,1273,738885046782832640
1078,3652,3768798,914,738883359779196928
1079,5555,3768798,1751,738537504001953792
1080,3586,3768798,949,738402415918125056
1081,4704,3768798,1355,738184450748633089
1082,9587,3768798,3818,738166403467907072
1083,2760,3768798,743,738156290900254721
1084,5735,3768798,2001,737826014890496000
1085,10902,3768798,3887,737800304142471168
1086,5505,3768798,1506,737678689543020544
1087,11252,3768799,5024,737445876994609152
1088,3939,3768800,902,737322739594330112
1089,15990,3768800,8296,737310737551491075
1090,4715,3768801,1958,736736130620620800
1091,19376,3768802,8365,736392552031657984
1092,4353,3768802,1401,736365877722001409
1093,8859,3768802,3099,736225175608430592
1094,8613,3768802,3334,736010884653420544
1095,3919,3768802,1280,735991953473572864
1096,4382,3768803,1230,735648611367784448
1097,6750,3768803,2648,735635087207878657
1098,9579,3768803,4679,735274964362878976
1099,3660,3768805,987,735256018284875776
1100,3412,3768805,1089,735137028879360001
1101,2972,3768805,571,734912297295085568
1102,13669,3768805,7069,734787690684657664
1103,2727,3768805,606,734776360183431168
1104,1639,3768805,450,734559631394082816
1105,3911,3768805,872,733828123016450049
1106,4003,3768805,1136,733822306246479872
1107,3432,3768805,1059,733482008106668032
1108,4588,3768805,1442,733460102733135873
1109,44456,3768805,17522,733109485275860992
1110,2657,3768806,597,732732193018155009
1111,3841,3768806,997,732726085725589504
1112,4004,3768807,861,732585889486888962
1113,8792,3768807,2823,732375214819057664
1114,16251,3768807,6115,732005617171337216
1115,3784,3768807,1087,731285275100512256
1116,4172,3768807,1427,731156023742988288
1117,6656,3768807,2226,730924654643314689
1118,5377,3768807,2422,730573383004487680
1119,3782,3768807,1171,730427201120833536
1120,4157,3768807,1178,730211855403241472
1121,5319,3768808,2157,730196704625098752
1122,4374,3768808,1256,729854734790754305
1123,1849,3768808,426,729838605770891264
1124,4338,3768808,1385,729823566028484608
1125,6315,3768809,2573,729463711119904772
1126,2049,3768809,367,729113531270991872
1127,3443,3768809,911,728986383096946689
1128,5069,3768809,1901,728760639972315136
1129,3022,3768809,754,728751179681943552
1130,3603,3768809,1167,728653952833728512
1131,5355,3768809,2260,728409960103686147
1132,3977,3768811,1071,728387165835677696
1133,4697,3768811,1318,728046963732717569
1134,4932,3768811,1867,728035342121635841
1135,4455,3768811,1214,728015554473250816
1136,3191,3768811,717,727685679342333952
1137,6403,3768811,1953,727644517743104000
1138,4872,3768811,1374,727524757080539137
1139,3605,3768811,831,727314416056803329
1140,3306,3768811,917,727286334147182592
1141,4192,3768811,1538,727175381690781696
1142,3959,3768811,1486,727155742655025152
1143,7470,3768812,2731,726935089318363137
1144,4176,3768811,1672,726887082820554753
1145,3864,3768811,1122,726828223124897792
1146,4786,3768811,1296,726224900189511680
1147,7658,3768811,2955,725842289046749185
1148,4511,3768811,1520,725786712245440512
1149,5625,3768810,1995,725729321944506368
1150,1533,3768810,698,725458796924002305
1151,4016,3768810,1455,724983749226668032
1152,2581,3768810,718,724771698126512129
1153,5772,3768810,1841,724405726123311104
1154,4708,3768810,1977,724049859469295616
1155,2888,3768813,617,724046343203856385
1156,4535,3768813,1783,724004602748780546
1157,4223,3768813,1370,723912936180330496
1158,8406,3768813,3327,723688335806480385
1159,3279,3768813,1004,723673163800948736
1160,5735,3768813,2100,723179728551723008
1161,4473,3768813,1754,722974582966214656
1162,5369,3768813,1824,722613351520608256
1163,5066,3768813,2117,721503162398597120
1164,2733,3768813,685,721001180231503872
1165,3387,3768815,861,720785406564900865
1166,2689,3768815,754,720775346191278080
1167,4480,3768815,1669,720415127506415616
1168,6954,3768815,2822,720389942216527872
1169,3115,3768815,1092,720340705894408192
1170,4207,3768815,1262,720059472081784833
1171,5310,3768815,2240,720043174954147842
1172,5249,3768815,1968,719991154352222208
1173,4954,3768815,1628,719704490224398336
1174,5501,3768815,2177,719551379208073216
1175,3011,3768815,823,719367763014393856
1176,4793,3768815,1393,719339463458033665
1177,3691,3768815,1070,719332531645071360
1178,3795,3768815,1223,718971898235854848
1179,5694,3768815,1964,718939241951195136
1180,20628,3768815,9060,718631497683582976
1181,2656,3768815,539,718613305783398402
1182,2719,3768815,1129,718540630683709445
1183,2832,3768815,596,718460005985447936
1184,5293,3768816,1681,718454725339934721
1185,2097,3768816,561,718246886998687744
1186,4201,3768816,1118,718234618122661888
1187,2648,3768816,666,717841801130979328
1188,3155,3768816,1263,717790033953034240
1189,6256,3768816,2059,717537687239008257
1190,1737,3768816,506,717428917016076293
1191,3429,3768816,943,717421804990701568
1192,6799,3768816,2128,717047459982213120
1193,3565,3768816,1098,717009362452090881
1194,4609,3768816,1311,716802964044845056
1195,5190,3768816,1473,716791146589110272
1196,1335,3768816,475,716730379797970944
1197,14263,3768816,6594,716447146686459905
1198,2562,3768817,246,716439118184652801
1199,3025,3768817,1218,716285507865542656
1200,5252,3768817,1926,716080869887381504
1201,3470,3768817,985,715928423106027520
1202,4063,3768817,1588,715758151270801409
1203,5070,3768817,1908,715733265223708672
1204,3038,3768817,630,715704790270025728
1205,4237,3768817,1443,715696743237730304
1206,4699,3768817,1808,715680795826982913
1207,5926,3768817,1764,715360349751484417
1208,3279,3768818,766,715342466308784130
1209,2613,3768818,734,715220193576927233
1210,5565,3768818,2098,715200624753819648
1211,4527,3768817,1391,715009755312439296
1212,4076,3768817,1162,714982300363173890
1213,7990,3768817,4796,714962719905021952
1214,4487,3768816,1588,714957620017307648
1215,3554,3768816,1115,714631576617938945
1216,3924,3768816,1036,714606013974974464
1217,2951,3768816,1303,714485234495041536
1218,3265,3768816,805,714258258790387713
1219,3552,3768816,938,714251586676113411
1220,2471,3768816,985,714214115368108032
1221,4657,3768816,1560,714141408463036416
1222,3545,3768816,867,713919462244790272
1223,2066,3768817,613,713909862279876608
1224,3049,3768817,827,713900603437621249
1225,5289,3768817,1536,713761197720473600
1226,4778,3768816,1432,713411074226274305
1227,7817,3768816,3167,713177543487135744
1228,4831,3768817,1622,713175907180089344
1229,20286,3768817,7555,712809025985978368
1230,13412,3768818,5591,712717840512598017
1231,4509,3768818,1363,712668654853337088
1232,5773,3768818,1745,712438159032893441
1233,269,3768819,26,712309440758808576
1234,4123,3768819,1165,712097430750289920
1235,3197,3768819,1011,712092745624633345
1236,3515,3768819,554,712085617388212225
1237,2443,3768976,698,712065007010385924
1238,977,3768820,138,711998809858043904
1239,8738,3768819,2584,711968124745228288
1240,3086,3768819,1097,711743778164514816
1241,9713,3768819,4621,711732680602345472
1242,35709,3768819,20400,711694788429553666
1243,4208,3768819,1032,711652651650457602
1244,3981,3768819,1281,711363825979756544
1245,3584,3768819,812,711306686208872448
1246,3255,3768819,703,711008018775851008
1247,4943,3768819,1554,710997087345876993
1248,2765,3768819,775,710844581445812225
1249,2928,3768819,603,710833117892898816
1250,2513,3768819,633,710658690886586372
1251,5201,3768820,2613,710609963652087808
1252,4947,3768821,2099,710588934686908417
1253,2560,3768821,828,710296729921429505
1254,2298,3768821,578,710283270106132480
1255,4911,3768821,1414,710272297844797440
1256,2597,3768821,1255,710269109699739648
1257,3141,3768821,1001,710153181850935296
1258,2999,3768821,1000,710140971284037632
1259,5975,3768821,2224,710117014656950272
1260,3235,3768822,1207,709918798883774466
1261,730,3768822,112,709901256215666688
1262,3803,3768823,1331,709852847387627521
1263,3846,3768823,1363,709566166965075968
1264,3575,3768823,1196,709556954897764353
1265,1612,3768824,276,709519240576036864
1266,2417,3768824,663,709449600415961088
1267,2836,3768824,782,709409458133323776
1268,2604,3768824,643,709225125749587968
1269,13684,3768824,6529,709207347839836162
1270,2623,3768824,716,709198395643068416
1271,2200,3768825,760,709179584944730112
1272,2224,3768824,469,709158332880297985
1273,5174,3768825,1853,709042156699303936
1274,1934,3768825,741,708853462201716736
1275,3217,3768825,1008,708845821941387268
1276,1848,3768825,568,708834316713893888
1277,17967,3768825,7800,708810915978854401
1278,2984,3768825,914,708738143638450176
1279,2771,3768825,829,708711088997666817
1280,2756,3768825,760,708479650088034305
1281,3343,3768825,921,708469915515297792
1282,17430,3768825,11279,708400866336894977
1283,3907,3768825,1511,708356463048204288
1284,2552,3768825,829,708349470027751425
1285,4639,3768825,1722,708149363256774660
1286,3682,3768825,935,708130923141795840
1287,2924,3768825,1101,708119489313951744
1288,2109,3768826,606,708109389455101952
1289,4772,3768827,2158,708026248782585858
1290,3372,3768827,1268,707995814724026368
1291,52,3768828,2,707983188426153984
1292,2932,3768828,1090,707969809498152960
1293,3570,3768828,1072,707776935007539200
1294,2706,3768828,691,707741517457260545
1295,4471,3768828,2769,707738799544082433
1296,3739,3768828,1121,707693576495472641
1297,2823,3768828,988,707629649552134146
1298,18484,3768828,7196,707610948723478529
1299,2487,3768828,785,707420581654872064
1300,2475,3768830,670,707411934438625280
1301,3823,3768830,1478,707387676719185920
1302,3585,3768831,1208,707377100785885184
1303,2691,3768831,725,707315916783140866
1304,3008,3768832,901,707297311098011648
1305,2790,3768832,754,707059547140169728
1306,2391,3768833,897,707038192327901184
1307,4424,3768833,1535,707021089608753152
1308,2496,3768833,659,707014260413456384
1309,15879,3768833,8780,706904523814649856
1310,2255,3768833,676,706901761596989440
1311,3608,3768833,1091,706681918348251136
1312,2804,3768833,1220,706644897839910912
1313,2350,3768833,716,706593038911545345
1314,3757,3768833,1574,706538006853918722
1315,3388,3768833,1147,706516534877929472
1316,3755,3768833,1030,706346369204748288
1317,23355,3768833,8987,706310011488698368
1318,1850,3768833,521,706291001778950144
1319,2964,3768833,1027,706265994973601792
1320,4269,3768834,2497,706169069255446529
1321,5605,3768834,1811,706166467411222528
1322,1627,3768834,432,706153300320784384
1323,3386,3768833,838,705975130514706432
1324,3424,3768834,1005,705970349788291072
1325,2582,3768835,640,705898680587526145
1326,2125,3768835,592,705786532653883392
1327,3453,3768835,1301,705591895322394625
1328,3220,3768836,1042,705475953783398401
1329,4860,3768836,1850,705442520700944385
1330,4173,3768836,1924,705428427625635840
1331,3271,3768836,848,705239209544720384
1332,2816,3768836,898,705223444686888960
1333,2339,3768836,580,705102439679201280
1334,2363,3768836,680,705066031337840642
1335,4564,3768836,1244,704871453724954624
1336,2452,3768836,609,704859558691414016
1337,5571,3768836,1722,704847917308362754
1338,2886,3768836,1130,704819833553219584
1339,7243,3768836,3244,704761120771465216
1340,3196,3768836,1119,704499785726889984
1341,835,3768836,97,704491224099647488
1342,3707,3768836,1193,704480331685040129
1343,8761,3768836,3972,704364645503647744
1344,1722,3768838,390,704347321748819968
1345,1649,3768838,518,704134088924532736
1346,2022,3768839,629,704113298707505153
1347,3193,3768840,1023,704054845121142784
1348,2015,3768840,523,703774238772166656
1349,3609,3768840,1267,703769065844768768
1350,2840,3768840,766,703631701117943808
1351,4214,3768840,1698,703611486317502464
1352,4153,3768840,1554,703425003149250560
1353,2677,3768840,779,703407252292673536
1354,3821,3768840,1280,703382836347330562
1355,2079,3768840,429,703356393781329922
1356,2143,3768841,617,703268521220972544
1357,8044,3768841,3480,703079050210877440
1358,28862,3768841,14089,703041949650034688
1359,2813,3768841,807,702932127499816960
1360,1765,3768841,504,702899151802126337
1361,3508,3768842,1212,702684942141153280
1362,2390,3768842,632,702671118226825216
1363,11278,3768842,3691,702598099714314240
1364,3122,3768842,1083,702539513671897089
1365,3483,3768843,1740,702332542343577600
1366,3590,3768845,1150,702321140488925184
1367,2695,3769001,855,702276748847800320
1368,5243,3768845,1515,702217446468493312
1369,3740,3768845,1102,701981390485725185
1370,4146,3768845,1146,701952816642965504
1371,3890,3768845,1553,701889187134500865
1372,3738,3768846,1890,701805642395348998
1373,2286,3768846,521,701601587219795968
1374,3068,3768846,1050,701570477911896070
1375,2892,3768846,678,701545186879471618
1376,13398,3768846,5779,701214700881756160
1377,2426,3768846,650,700890391244103680
1378,2818,3768846,683,700864154249383937
1379,2631,3768847,555,700847567345688576
1380,2661,3768847,1080,700796979434098688
1381,25015,3768847,10590,700747788515020802
1382,2881,3768848,910,700518061187723268
1383,2476,3768848,642,700505138482569216
1384,4523,3768848,2018,700462010979500032
1385,2887,3768848,832,700167517596164096
1386,2444,3768848,750,700151421916807169
1387,8230,3768848,3103,700143752053182464
1388,2876,3768849,774,700062718104104960
1389,2250,3768849,657,700029284593901568
1390,3615,3768849,1523,700002074055016451
1391,3326,3768849,1084,699801817392291840
1392,2451,3768849,554,699788877217865730
1393,3028,3768849,1393,699779630832685056
1394,2135,3768850,686,699775878809702401
1395,11206,3768850,5145,699691744225525762
1396,6486,3768850,2926,699446877801091073
1397,2374,3768850,574,699434518667751424
1398,1498,3768851,379,699423671849451520
1399,2250,3768851,687,699413908797464576
1400,2050,3768851,494,699370870310113280
1401,3451,3768851,977,699323444782047232
1402,2441,3768851,711,699088579889332224
1403,2668,3768851,739,699079609774645248
1404,3274,3768851,1320,699072405256409088
1405,4147,3768851,2047,699060279947165696
1406,2852,3768852,1337,699036661657767936
1407,3689,3768852,1108,698989035503689728
1408,2959,3768852,1014,698953797952008193
1409,2778,3768852,694,698907974262222848
1410,2701,3768852,770,698710712454139905
1411,1597,3768852,425,698703483621523456
1412,1397,3768852,384,698635131305795584
1413,2522,3768852,698,698549713696649216
1414,2037,3768852,510,698355670425473025
1415,2476,3768852,1068,698342080612007937
1416,5186,3768853,2258,698262614669991936
1417,18319,3768855,6716,698195409219559425
1418,3072,3768855,824,698178924120031232
1419,1660,3768855,369,697995514407682048
1420,3586,3768855,1448,697990423684476929
1421,2623,3768855,774,697943111201378304
1422,3293,3768855,1332,697881462549430272
1423,1901,3768856,610,697630435728322560
1424,3451,3768856,1137,697616773278015490
1425,3296,3768857,1419,697596423848730625
1426,2243,3768857,569,697575480820686848
1427,2265,3768857,1275,697516214579523584
1428,2652,3768857,762,697482927769255936
1429,3730,3768857,1547,697463031882764288
1430,5102,3768857,2080,697270446429966336
1431,3597,3768857,1126,697259378236399616
1432,3300,3768857,1310,697255105972801536
1433,2735,3768857,748,697242256848379904
1434,3476,3768857,1152,696900204696625153
1435,2579,3768857,756,696894894812565505
1436,5285,3768857,2001,696886256886657024
1437,2676,3768857,798,696877980375769088
1438,1605,3768857,396,696754882863349760
1439,2278,3768857,1066,696744641916489729
1440,2603,3768857,752,696713835009417216
1441,4255,3768857,1881,696518437233913856
1442,1334,3768857,169,696490539101908992
1443,2779,3768857,1163,696488710901260288
1444,3516,3768857,1280,696405997980676096
1445,2116,3768857,745,696100768806522880
1446,3275,3768858,1315,695816827381944320
1447,3478,3768859,877,695794761660297217
1448,2047,3768859,850,695767669421768709
1449,4992,3768861,2364,695629776980148225
1450,4766,3768861,2018,695446424020918272
1451,9420,3768862,4000,695409464418041856
1452,3991,3768862,1664,695314793360662529
1453,2873,3768863,680,695095422348574720
1454,3097,3768863,1234,695074328191332352
1455,1762,3768863,680,695064344191721472
1456,2910,3768864,881,695051054296211456
1457,2946,3768864,1036,694925794720792577
1458,3031,3768864,1048,694905863685980160
1459,25970,3768864,13452,694669722378485760
1460,1643,3768864,325,694356675654983680
1461,2231,3768864,696,694352839993344000
1462,1720,3768864,552,694342028726001664
1463,2189,3768864,567,694329668942569472
1464,4571,3768864,2286,694206574471057408
1465,3219,3768864,1036,694183373896572928
1466,3691,3768864,1173,694001791655137281
1467,2040,3768864,455,693993230313091072
1468,1883,3768864,413,693942351086120961
1469,2943,3768864,669,693647888581312512
1470,1468,3768864,149,693644216740769793
1471,2776,3768865,468,693642232151285760
1472,2670,3768865,889,693629975228977152
1473,1680,3768865,421,693622659251335168
1474,5541,3768865,2219,693590843962331137
1475,1800,3768865,291,693582294167244802
1476,1933,3768865,694,693486665285931008
1477,3654,3768866,1398,693280720173801472
1478,2602,3768866,921,693267061318012928
1479,2440,3768866,567,693262851218264065
1480,3115,3768867,835,693231807727280129
1481,8625,3768867,3606,693155686491000832
1482,1882,3768867,692,693109034023534592
1483,2049,3768867,521,693095443459342336
1484,2914,3768867,835,692919143163629568
1485,2667,3768868,994,692905862751522816
1486,1964,3768869,680,692901601640583168
1487,2507,3768869,906,692894228850999298
1488,3141,3768869,993,692828166163931137
1489,7469,3768869,4102,692752401762250755
1490,4720,3768869,1729,692568918515392513
1491,3489,3768869,1522,692535307825213440
1492,2010,3768869,472,692530551048294401
1493,1613,3768869,263,692423280028966913
1494,10227,3768869,3902,692417313023332352
1495,2755,3768869,924,692187005137076224
1496,2358,3768870,896,692158366030913536
1497,1788,3768870,437,692142790915014657
1498,3704,3768870,1420,692041934689402880
1499,3138,3768870,1077,692017291282812928
1500,4308,3768870,1849,691820333922455552
1501,8888,3768870,4710,691793053716221953
1502,3163,3768870,1155,691756958957883396
1503,2107,3768870,573,691675652215414786
1504,2594,3768870,653,691483041324204033
1505,4437,3768870,1290,691459709405118465
1506,2883,3768870,946,691444869282295808
1507,21182,3768870,8638,691416866452082688
1508,2816,3768870,743,691321916024623104
1509,3243,3768871,1016,691096613310316544
1510,1861,3768871,385,691090071332753408
1511,6484,3768871,3264,690989312272396288
1512,3899,3768872,1415,690959652130045952
1513,4517,3768872,2232,690938899477221376
1514,3591,3768872,1143,690932576555528194
1515,4113,3768873,1439,690735892932222976
1516,2372,3768874,596,690728923253055490
1517,2530,3768875,893,690690673629138944
1518,1425,3768875,321,690649993829576704
1519,311,3768875,19,690607260360429569
1520,2159,3768875,679,690597161306841088
1521,2035,3768875,509,690400367696297985
1522,3548,3768875,969,690374419777196032
1523,2913,3768875,1003,690360449368465409
1524,1639,3768874,571,690348396616552449
1525,1837,3768874,475,690248561355657216
1526,3050,3768874,1172,690021994562220032
1527,2729,3768874,828,690015576308211712
1528,3995,3768874,1896,690005060500217858
1529,1558,3768874,422,689999384604450816
1530,1610,3768876,516,689993469801164801
1531,1487,3768876,499,689977555533848577
1532,2644,3768876,785,689905486972461056
1533,3302,3768876,1336,689877686181715968
1534,2355,3768876,845,689835978131935233
1535,3486,3768877,1042,689661964914655233
1536,11355,3768878,4386,689659372465688576
1537,2452,3768878,745,689623661272240129
1538,12731,3768878,6219,689599056876867584
1539,2249,3768878,516,689557536375177216
1540,3719,3768878,1605,689517482558820352
1541,2462,3768878,1052,689289219123089408
1542,3609,3768878,1246,689283819090870273
1543,2188,3768878,814,689280876073582592
1544,1265,3768878,284,689275259254616065
1545,2798,3768878,1208,689255633275777024
1546,3335,3768878,1124,689154315265683456
1547,2225,3768878,578,689143371370250240
1548,2996,3768878,979,688916208532455424
1549,2304,3768878,869,688908934925697024
1550,2299,3768880,887,688898160958271489
1551,2447,3768880,788,688894073864884227
1552,1503,3768880,420,688828561667567616
1553,1040,3768880,224,688804835492233216
1554,2420,3768881,748,688789766343622656
1555,2847,3768881,789,688547210804498433
1556,2512,3768881,821,688519176466644993
1557,10145,3768881,5004,688385280030670848
1558,2417,3768881,936,688211956440801280
1559,2318,3768881,668,688179443353796608
1560,3083,3768881,885,688116655151435777
1561,1873,3768881,407,688064179421470721
1562,5984,3768881,2861,687841446767013888
1563,2979,3768881,1280,687826841265172480
1564,2751,3768884,1077,687818504314159109
1565,2616,3768885,799,687807801670897665
1566,1930,3768885,745,687732144991551489
1567,2651,3768886,950,687704180304273409
1568,2113,3768886,575,687664829264453632
1569,2098,3768887,653,687494652870668288
1570,1753,3768887,281,687480748861947905
1571,2177,3768888,614,687476254459715584
1572,2231,3768888,612,687460506001633280
1573,2075,3768888,701,687399393394311168
1574,21968,3768887,10356,687317306314240000
1575,4761,3768887,2139,687312378585812992
1576,5987,3768887,2576,687127927494963200
1577,2361,3768887,569,687124485711986689
1578,6339,3768887,2789,687109925361856513
1579,2560,3768887,1115,687102708889812993
1580,2445,3768887,690,687096057537363968
1581,9390,3768887,3570,686947101016735744
1582,3840,3768887,1549,686760001961103360
1583,3798,3768887,1657,686749460672679938
1584,4529,3768888,1345,686730991906516992
1585,3056,3768888,905,686683045143953408
1586,4023,3768888,1533,686618349602762752
1587,2064,3768889,606,686606069955735556
1588,1920,3768889,763,686394059078897668
1589,3540,3768889,993,686386521809772549
1590,2427,3768889,636,686377065986265092
1591,2390,3768889,772,686358356425093120
1592,4378,3768890,1878,686286779679375361
1593,2411,3768890,832,686050296934563840
1594,1271,3768890,138,686035780142297088
1595,3406,3768890,1321,686034024800862208
1596,2701,3768890,471,686007916130873345
1597,2002,3768890,730,686003207160610816
1598,2309,3768890,608,685973236358713344
1599,1792,3768890,693,685943807276412928
1600,8242,3768890,3281,685906723014619143
1601,2219,3768891,143,685681090388975616
1602,2565,3768891,662,685667379192414208
1603,3548,3768891,1650,685663452032069632
1604,3199,3768891,881,685641971164143616
1605,35994,3768891,17649,685547936038666240
1606,3327,3768891,1293,685532292383666176
1607,10413,3768891,4511,685325112850124800
1608,2900,3768891,734,685321586178670592
1609,3660,3768891,1226,685315239903100929
1610,2255,3768891,494,685307451701334016
1611,3403,3768891,1362,685268753634967552
1612,2550,3768892,759,685198997565345792
1613,4475,3768892,1613,685169283572338688
1614,2509,3768892,435,684969860808454144
1615,7283,3768892,3546,684959798585110529
1616,3508,3768892,1185,684940049151070208
1617,3836,3768892,548,684926975086034944
1618,3828,3768892,1656,684914660081053696
1619,2041,3768892,603,684902183876321280
1620,2292,3768893,930,684880619965411328
1621,38343,3768893,24370,684830982659280897
1622,2961,3768894,1114,684800227459624960
1623,9807,3768894,3993,684594889858887680
1624,4481,3768894,1586,684588130326986752
1625,3289,3768894,1410,684567543613382656
1626,2902,3768894,1082,684538444857667585
1627,4233,3768894,1315,684481074559381504
1628,2163,3768894,627,684460069371654144
1629,8956,3768894,3711,684241637099323392
1630,1361,3768894,239,684225744407494656
1631,4198,3768894,1554,684222868335505415
1632,2377,3768894,1167,684200372118904832
1633,2096,3768894,593,684195085588783105
1634,3810,3768894,1336,684188786104872960
1635,2206,3768894,762,684177701129875456
1636,3250,3768895,1696,684147889187209216
1637,2166,3768895,534,684122891630342144
1638,4496,3768895,1616,684097758874210310
1639,4146,3768893,1260,683857920510050305
1640,2099,3768893,395,683852578183077888
1641,2875,3768893,1108,683849932751646720
1642,2865,3768893,1256,683834909291606017
1643,3036,3768893,1189,683828599284170753
1644,3667,3768893,1526,683773439333797890
1645,7129,3768893,3756,683742671509258241
1646,8020,3768894,3273,683515932363329536
1647,3454,3768894,1088,683498322573824003
1648,2867,3768894,1112,683481228088049664
1649,2672,3768894,760,683462770029932544
1650,4270,3768894,1820,683449695444799489
1651,8307,3768895,2690,683391852557561860
1652,3221,3768895,1059,683357973142474752
1653,3150,3768895,1170,683142553609318400
1654,3723,3768895,1029,683111407806746624
1655,2351,3768895,734,683098815881154561
1656,2167,3768895,631,683078886620553216
1657,2358,3768897,826,683030066213818368
1658,39005,3768897,18393,682962037429899265
1659,1941,3768899,209,682808988178739200
1660,2693,3768899,1253,682788441537560576
1661,1665,3768899,491,682750546109968385
1662,1434,3768899,396,682697186228989953
1663,3316,3768899,1201,682662431982772225
1664,2254,3768899,674,682638830361513985
1665,3752,3768899,1311,682429480204398592
1666,8279,3768899,2002,682406705142087680
1667,2426,3768899,769,682393905736888321
1668,1818,3768899,516,682389078323662849
1669,3372,3768899,1132,682303737705140231
1670,4561,3768899,1372,682259524040966145
1671,3548,3768900,1339,682242692827447297
1672,20038,3768900,11208,682088079302213632
1673,5418,3769056,1908,682059653698686977
1674,3515,3768900,1084,682047327939461121
1675,7195,3768900,2278,682032003584274432
1676,3448,3768900,1717,682003177596559360
1677,3026,3768900,1158,681981167097122816
1678,2696,3768901,948,681891461017812993
1679,13953,3768900,4555,681694085539872773
1680,1915,3768900,498,681679526984871937
1681,2892,3768901,1039,681654059175129088
1682,2093,3768901,529,681610798867845120
1683,3873,3768901,1483,681579835668455424
1684,15678,3768901,6576,681523177663676416
1685,1797,3768901,312,681340665377193984
1686,10153,3768902,4574,681339448655802368
1687,2908,3768902,859,681320187870711809
1688,4325,3768902,2063,681302363064414209
1689,3474,3768902,1085,681297372102656000
1690,3508,3768902,1254,681281657291280384
1691,1588,3768903,308,681261549936340994
1692,1638,3768903,618,681242418453299201
1693,2616,3768903,539,681231109724700672
1694,4052,3768903,1680,681193455364796417
1695,2651,3768903,743,680970795137544192
1696,4973,3768903,2238,680959110691590145
1697,3525,3768903,1217,680940246314430465
1698,2272,3768903,493,680934982542561280
1699,2599,3768903,701,680913438424612864
1700,1936,3768904,415,680889648562991104
1701,3742,3768904,1501,680836378243002368
1702,2357,3768905,745,680805554198020098
1703,2585,3768906,923,680801747103793152
1704,3118,3768906,1177,680798457301471234
1705,2888,3768906,811,680609293079592961
1706,3926,3768906,1509,680583894916304897
1707,4624,3768906,2151,680497766108381184
1708,1868,3768906,542,680494726643068929
1709,2772,3768906,839,680473011644985345
1710,1578,3768906,559,680440374763077632
1711,1590,3768906,329,680221482581123072
1712,3097,3768906,1315,680206703334408192
1713,2342,3768906,573,680191257256136705
1714,4252,3768907,1753,680176173301628928
1715,2527,3768907,823,680161097740095489
1716,3942,3768907,1965,680145970311643136
1717,2512,3768907,1072,680130881361686529
1718,2962,3768907,1025,680115823365742593
1719,3878,3768906,1545,680100725817409536
1720,13916,3768906,9967,680085611152338944
1721,2807,3768906,987,680070545539371008
1722,18203,3768906,8025,680055455951884288
1723,2147,3768906,722,679877062409191424
1724,2359,3769062,745,679872969355714560
1725,2671,3768907,700,679862121895714818
1726,3130,3768907,1392,679854723806179328
1727,2589,3768907,886,679844490799091713
1728,39558,3768908,15743,679828447187857408
1729,3373,3768908,1270,679777920601223168
1730,2295,3768909,912,679736210798047232
1731,2357,3768910,928,679729593985699840
1732,1807,3768910,538,679722016581222400
1733,5193,3768910,2336,679530280114372609
1734,2884,3768911,817,679527802031484928
1735,3694,3768911,1454,679511351870550016
1736,3468,3768911,1664,679503373272485890
1737,2289,3768911,722,679475951516934144
1738,34731,3768912,21187,679462823135686656
1739,2586,3768912,1355,679405845277462528
1740,23469,3768912,9140,679158373988876288
1741,3015,3768912,1158,679148763231985668
1742,3241,3768912,1309,679132435750195208
1743,6486,3768912,2878,679111216690831360
1744,18630,3768912,9247,679062614270468097
1745,2457,3768912,773,679047485189439488
1746,3068,3768913,1374,679001094530465792
1747,2530,3768914,1329,678991772295516161
1748,1788,3768914,527,678969228704284672
1749,2800,3768914,1014,678800283649069056
1750,3790,3768914,1344,678798276842360832
1751,3025,3768914,1038,678774928607469569
1752,3846,3768915,1544,678767140346941444
1753,1776,3768915,542,678764513869611008
1754,7779,3768915,3724,678755239630127104
1755,4086,3768915,1920,678740035362037760
1756,6053,3768915,2740,678708137298427904
1757,3136,3768915,1674,678675843183484930
1758,2239,3768915,486,678643457146150913
1759,4340,3768915,1777,678446151570427904
1760,5887,3768915,2866,678424312106393600
1761,4616,3768915,2060,678410210315247616
1762,62146,3768915,30797,678399652199309312
1763,1722,3768915,472,678396796259975168
1764,2035,3768915,469,678389028614488064
1765,2641,3768915,1017,678380236862578688
1766,1886,3768916,610,678341075375947776
1767,1423,3768916,302,678334497360859136
1768,12477,3768916,6810,678278586130948096
1769,1719,3768918,417,678255464182861824
1770,2085,3768918,438,678023323247357953
1771,14950,3768918,7114,678021115718029313
1772,3686,3768918,1873,677961670166224897
1773,1470,3768918,461,677918531514703872
1774,5256,3768918,2371,677895101218201600
1775,3310,3768918,1101,677716515794329600
1776,3675,3768918,1613,677700003327029250
1777,1325,3768918,361,677698403548192770
1778,2670,3768918,948,677687604918272002
1779,3596,3768918,1669,677673981332312066
1780,2123,3768918,1097,677662372920729601
1781,2031,3768919,885,677644091929329666
1782,2312,3768919,816,677573743309385728
1783,1403,3768919,512,677565715327688705
1784,2653,3768919,1314,677557565589463040
1785,7535,3768919,4057,677547928504967168
1786,1156,3768920,249,677530072887205888
1787,3314,3768920,2007,677335745548390400
1788,1470,3768920,327,677334615166730240
1789,1179,3768920,264,677331501395156992
1790,3925,3768920,1681,677328882937298944
1791,1783,3768920,609,677314812125323265
1792,1355,3768920,468,677301033169788928
1793,2144,3768920,788,677269281705472000
1794,3826,3768921,1829,677228873407442944
1795,2964,3768921,1031,677187300187611136
1796,3000,3768922,1196,676975532580409345
1797,2381,3768922,902,676957860086095872
1798,1407,3768922,444,676949632774234114
1799,2341,3768923,977,676948236477857792
1800,1829,3768924,424,676946864479084545
1801,2247,3768924,852,676942428000112642
1802,13731,3768924,5486,676936541936185344
1803,3217,3768925,1997,676916996760600576
1804,2419,3768925,813,676897532954456065
1805,2278,3768926,802,676864501615042560
1806,25013,3768926,17503,676821958043033607
1807,1949,3768926,738,676819651066732545
1808,1526,3768926,468,676811746707918848
1809,5377,3768926,2233,676776431406465024
1810,3123,3768926,1103,676617503762681856
1811,1172,3768926,219,676613908052996102
1812,2029,3768926,488,676606785097199616
1813,1268,3768927,440,676603393314578432
1814,4939,3768927,2400,676593408224403456
1815,992,3768927,142,676590572941893632
1816,2519,3768927,893,676588346097852417
1817,1299,3768927,311,676582956622721024
1818,2794,3769085,1252,676575501977128964
1819,2018,3768929,618,676533798876651520
1820,1631,3768929,601,676496375194980353
1821,12568,3768929,5197,676470639084101634
1822,1853,3768929,740,676440007570247681
1823,1519,3768929,385,676430933382295552
1824,2233,3768929,605,676263575653122048
1825,1325,3768930,331,676237365392908289
1826,66833,3768930,31810,676219687039057920
1827,1873,3768930,655,676215927814406144
1828,2464,3768931,1142,676191832485810177
1829,2068,3768931,739,676146341966438401
1830,2321,3768932,1293,676121918416756736
1831,3027,3768932,1280,676101918813499392
1832,3259,3768932,1610,676098748976615425
1833,1422,3768932,479,676089483918516224
1834,1766,3768932,651,675898130735476737
1835,2286,3768932,971,675891555769696257
1836,2571,3768932,1063,675888385639251968
1837,4506,3768932,1562,675878199931371520
1838,1771,3768934,628,675870721063669760
1839,2903,3768935,1447,675853064436391936
1840,1021,3768934,170,675849018447167488
1841,2460,3768934,991,675845657354215424
1842,1644,3768934,589,675822767435051008
1843,1130,3768934,259,675820929667219457
1844,11049,3769092,3769,675798442703122432
1845,1741,3768936,531,675781562965868544
1846,1250,3768936,387,675740360753160193
1847,2039,3768936,922,675710890956750848
1848,2141,3768937,767,675707330206547968
1849,689,3768937,106,675706639471788032
1850,1940,3768937,468,675534494439489536
1851,1265,3768937,428,675531475945709568
1852,1113,3768937,312,675522403582218240
1853,1405,3768937,503,675517828909424640
1854,18404,3768937,6454,675501075957489664
1855,3377,3768938,1437,675497103322386432
1856,1395,3768938,669,675489971617296384
1857,1982,3768939,1076,675483430902214656
1858,1619,3768939,626,675432746517426176
1859,1832,3768940,558,675372240448454658
1860,1133,3768940,260,675362609739206656
1861,35075,3768940,18880,675354435921575936
1862,4230,3768940,2520,675349384339542016
1863,2994,3768940,1428,675334060156301312
1864,3895,3768940,1783,675166823650848770
1865,6033,3768941,2724,675153376133427200
1866,4017,3768941,1870,675149409102012420
1867,1020,3768941,273,675147105808306176
1868,1292,3768941,345,675146535592706048
1869,2294,3768941,1001,675145476954566656
1870,1388,3768941,537,675135153782571009
1871,2109,3768942,874,675113801096802304
1872,1036,3768942,280,675111688094527488
1873,2991,3768942,1250,675109292475830276
1874,1136,3768943,363,675047298674663426
1875,2908,3768943,1330,675015141583413248
1876,1051,3768943,251,675006312288268288
1877,1664,3768943,517,675003128568291329
1878,2417,3768943,1228,674999807681908736
1879,931,3768943,391,674805413498527744
1880,3221,3768943,947,674800520222154752
1881,2679,3768942,1217,674793399141146624
1882,1177,3768943,277,674790488185167872
1883,865,3768943,229,674788554665512960
1884,2154,3768943,1328,674781762103414784
1885,1204,3768943,530,674774481756377088
1886,1969,3768944,879,674767892831932416
1887,847,3768944,262,674764817387900928
1888,1457,3768944,488,674754018082705410
1889,1576,3768945,515,674752233200820224
1890,1505,3768945,602,674743008475090944
1891,525,3768945,55,674742531037511680
1892,1189,3768945,431,674739953134403584
1893,687,3768945,102,674737130913071104
1894,1233,3768945,507,674690135443775488
1895,1738,3768945,717,674670581682434048
1896,990,3768945,276,674664755118911488
1897,1526,3768945,553,674646392044941312
1898,1102,3768945,308,674644256330530816
1899,1795,3768945,649,674638615994089473
1900,1608,3768945,633,674632714662858753
1901,1006,3768945,113,674606911342424069
1902,6643,3768945,2257,674468880899788800
1903,1133,3768946,391,674447403907457024
1904,1188,3768946,425,674436901579923456
1905,1531,3769102,591,674422304705744896
1906,728,3768946,157,674416750885273600
1907,1283,3768946,514,674410619106390016
1908,1600,3768946,630,674394782723014656
1909,920,3768946,344,674372068062928900
1910,599,3768946,83,674330906434379776
1911,1507,3768947,566,674318007229923329
1912,12080,3768947,7608,674307341513269249
1913,15725,3768947,6495,674291837063053312
1914,1676,3768948,799,674271431610523648
1915,954,3768948,254,674269164442398721
1916,1753,3768948,931,674265582246694913
1917,1383,3768949,498,674262580978937856
1918,1569,3768949,614,674255168825880576
1919,801,3768949,185,674082852460433408
1920,1046,3768949,315,674075285688614912
1921,6735,3768949,2435,674063288070742018
1922,3564,3768949,1431,674053186244734976
1923,1559,3768950,526,674051556661161984
1924,1516,3768950,707,674045139690631169
1925,768,3768950,142,674042553264685056
1926,1169,3768950,452,674038233588723717
1927,899,3768950,240,674036086168010753
1928,1908,3768950,1349,674024893172875264
1929,1204,3768950,339,674019345211760640
1930,1671,3768950,708,674014384960745472
1931,1288,3768950,390,674008982932058114
1932,2080,3768951,1060,673956914389192708
1933,1245,3768951,399,673919437611909120
1934,3387,3768951,1791,673906403526995968
1935,989,3768951,273,673887867907739649
1936,3274,3768951,839,673716320723169284
1937,3788,3768953,2293,673715861853720576
1938,1112,3768953,324,673711475735838725
1939,900,3768954,304,673709992831262724
1940,1143,3768954,315,673708611235921920
1941,1171,3768954,431,673707060090052608
1942,1333,3768955,437,673705679337693185
1943,1525,3768956,633,673700254269775872
1944,4045,3768956,2157,673697980713705472
1945,1851,3768956,703,673689733134946305
1946,1317,3768956,533,673688752737402881
1947,1537,3768957,476,673686845050527744
1948,1456,3768957,519,673680198160809984
1949,1332,3768958,396,673662677122719744
1950,763,3768958,265,673656262056419329
1951,1191,3768957,403,673636718965334016
1952,1682,3768957,800,673612854080196609
1953,1267,3768958,401,673583129559498752
1954,875,3768959,296,673580926094458881
1955,1474,3768959,610,673576835670777856
1956,1085,3768959,337,673363615379013632
1957,1551,3768960,727,673359818736984064
1958,1602,3768960,649,673355879178194945
1959,1754,3768960,594,673352124999274496
1960,777,3768960,227,673350198937153538
1961,2684,3768960,1415,673345638550134785
1962,1032,3768960,288,673343217010679808
1963,1357,3768960,645,673342308415348736
1964,14374,3769116,8653,673320132811366400
1965,920,3768961,292,673317986296586240
1966,7996,3768961,3471,673295268553605120
1967,1124,3768961,399,673270968295534593
1968,1501,3768961,795,673240798075449344
1969,2397,3768961,928,673213039743795200
1970,1817,3768961,687,673148804208660480
1971,2081,3768960,782,672997845381865473
1972,1011,3768961,327,672995267319328768
1973,1031,3768961,312,672988786805112832
1974,1326,3768961,591,672984142909456390
1975,1921,3768962,1071,672980819271634944
1976,1798,3768962,1010,672975131468300288
1977,1014,3768962,386,672970152493887488
1978,1395,3768962,597,672968025906282496
1979,1518,3768962,696,672964561327235073
1980,1440,3768962,546,672902681409806336
1981,939,3768964,458,672898206762672129
1982,1653,3768964,895,672884426393653248
1983,1093,3768964,403,672877615439593473
1984,1392,3768964,621,672834301050937345
1985,1332,3768964,529,672828477930868736
1986,1028,3768964,347,672640509974827008
1987,1369,3768964,541,672622327801233409
1988,1295,3768964,641,672614745925664768
1989,1172,3768964,421,672609152938721280
1990,1177,3768964,441,672604026190569472
1991,1406,3768964,656,672594978741354496
1992,1007,3768965,363,672591762242805761
1993,779,3768965,205,672591271085670400
1994,1085,3768965,402,672538107540070400
1995,689,3768965,188,672523490734551040
1996,1181,3768965,480,672488522314567680
1997,1212,3768967,662,672482722825261057
1998,752,3768968,136,672481316919734272
1999,1526,3768968,766,672475084225949696
2000,1436,3768968,594,672466075045466113
2001,6858,3768968,3660,672272411274932228
2002,1584,3768968,664,672267570918129665
2003,1206,3768968,380,672264251789176834
2004,2992,3768968,1691,672256522047614977
2005,1501,3768968,796,672254177670729728
2006,1823,3768968,655,672248013293752320
2007,727,3768968,169,672245253877968896
2008,945,3768969,344,672239279297454080
2009,1943,3768969,1084,672231046314901505
2010,826,3768970,230,672222792075620352
2011,2399,3768970,1261,672205392827572224
2012,1068,3768971,402,672169685991993344
2013,917,3768973,392,672160042234327040
2014,1861,3768973,788,672139350159835138
2015,2559,3768973,1242,672125275208069120
2016,1059,3768973,394,672095186491711488
2017,997,3768973,397,672082170312290304
2018,1385,3768973,560,672068090318987265
2019,8955,3768975,4494,671896809300709376
2020,1407,3768975,611,671891728106971137
2021,3667,3768975,1486,671882082306625538
2022,1497,3768976,746,671879137494245376
2023,1322,3768976,599,671874878652489728
2024,1187,3768976,545,671866342182637568
2025,973,3768976,501,671855973984772097
2026,7479,3768976,3793,671789708968640512
2027,1263,3768977,569,671768281401958400
2028,1781,3768977,996,671763349865160704
2029,1420,3768977,838,671744970634719232
2030,774,3768977,244,671743150407421952
2031,1527,3768977,815,671735591348891648
2032,9073,3768977,4766,671729906628341761
2033,13615,3768977,7884,671561002136281088
2034,963,3768977,228,671550332464455680
2035,1437,3768977,648,671547767500775424
2036,2114,3768977,1140,671544874165002241
2037,1159,3768977,613,671542985629241344
2038,986,3768977,434,671538301157904385
2039,1247,3768977,440,671536543010570240
2040,1088,3768977,627,671533943490011136
2041,892,3768977,280,671528761649688577
2042,1488,3768977,579,671520732782923777
2043,1006,3768978,317,671518598289059840
2044,1728,3768978,785,671511350426865664
2045,7465,3768978,3840,671504605491109889
2046,975,3768980,479,671497587707535361
2047,1070,3768980,514,671488513339211776
2048,617,3768982,225,671486386088865792
2049,804,3768982,252,671485057807351808
2050,1509,3768982,802,671390180817915904
2051,1185,3768982,321,671362598324076544
2052,424,3768982,156,671357843010908160
2053,504,3768982,119,671355857343524864
2054,1024,3768982,471,671347597085433856
2055,783,3768982,238,671186162933985280
2056,1187,3768982,377,671182547775299584
2057,932,3768983,385,671166507850801152
2058,1755,3768984,1194,671163268581498880
2059,397,3768984,89,671159727754231808
2060,764,3768985,238,671154572044468225
2061,711,3768986,165,671151324042559489
2062,708,3768986,251,671147085991960577
2063,1240,3768987,705,671141549288370177
2064,993,3768987,445,671138694582165504
2065,795,3768987,212,671134062904504320
2066,3709,3768987,2749,671122204919246848
2067,1424,3768987,834,671115716440031232
2068,1218,3768987,476,671109016219725825
2069,1168,3768987,315,670995969505435648
2070,25673,3768987,9509,670842764863651840
2071,628,3768988,212,670840546554966016
2072,1180,3768988,751,670838202509447168
2073,472,3768988,134,670833812859932673
2074,775,3768988,242,670832455012716544
2075,5930,3768988,4452,670826280409919488
2076,820,3768989,204,670823764196741120
2077,647,3768989,105,670822709593571328
2078,3385,3768990,1697,670815497391357952
2079,1195,3768990,291,670811965569282048
2080,1225,3768990,538,670807719151067136
2081,2090,3768990,1029,670804601705242624
2082,360,3768990,95,670803562457407488
2083,775,3768990,260,670797304698376195
2084,888,3768990,297,670792680469889025
2085,698,3768990,254,670789397210615808
2086,638,3768991,217,670786190031921152
2087,869,3768991,428,670783437142401025
2088,1680,3768991,857,670782429121134593
2089,827,3768991,312,670780561024270336
2090,345,3768991,77,670778058496974848
2091,1147,3768991,460,670764103623966721
2092,473,3768991,121,670755717859713024
2093,1023,3768991,556,670733412878163972
2094,882,3768991,401,670727704916926465
2095,1297,3768991,542,670717338665226240
2096,807,3768991,401,670704688707301377
2097,628,3768991,263,670691627984359425
2098,793,3768991,314,670679630144274432
2099,264,3768991,45,670676092097810432
2100,11400,3768991,5500,670668383499735048
2101,1630,3768991,830,670474236058800128
2102,371,3768991,90,670468609693655041
2103,1038,3768991,604,670465786746662913
2104,577,3768991,223,670452855871037440
2105,1261,3768991,728,670449342516494336
2106,7091,3768992,2142,670444955656130560
2107,689,3768992,211,670442337873600512
2108,1124,3768992,566,670435821946826752
2109,1495,3768992,702,670434127938719744
2110,343,3768992,122,670433248821026816
2111,1480,3768992,689,670428280563085312
2112,547,3768992,178,670427002554466305
2113,1408,3768992,701,670421925039075328
2114,667,3768993,339,670420569653809152
2115,603,3768993,348,670417414769758208
2116,2169,3768993,985,670411370698022913
2117,596,3768993,246,670408998013820928
2118,456,3768993,173,670403879788544000
2119,591,3768994,233,670385711116361728
2120,784,3768994,292,670374371102445568
2121,343,3768994,71,670361874861563904
2122,447,3768995,120,670338931251150849
2123,4087,3768995,1348,670319130621435904
2124,450,3768995,151,670303360680108032
2125,748,3768995,312,670290420111441920
2126,1102,3768995,363,670093938074779648
2127,737,3768995,274,670086499208155136
2128,2379,3768995,1362,670079681849372674
2129,1667,3768995,866,670073503555706880
2130,672,3768996,275,670069087419133954
2131,819,3768996,372,670061506722140161
2132,711,3768997,357,670055038660800512
2133,683,3768997,191,670046952931721218
2134,798,3768997,118,670040295598354432
2135,621,3768997,305,670037189829525505
2136,350,3768997,100,670003130994700288
2137,342,3768997,91,669993076832759809
2138,469,3768997,175,669972011175813120
2139,317,3768997,65,669970042633789440
2140,533,3768997,182,669942763794931712
2141,398,3768997,113,669926384437997569
2142,248,3768997,62,669923323644657664
2143,853,3768997,430,669753178989142016
2144,287,3768997,71,669749430875258880
2145,551,3768997,98,669684865554620416
2146,411,3768997,118,669683899023405056
2147,374,3768997,144,669682095984410625
2148,709,3768997,310,669680153564442624
2149,854,3768997,478,669661792646373376
2150,3754,3768997,1956,669625907762618368
2151,1003,3768997,397,669603084620980224
2152,548,3768997,163,669597912108789760
2153,1580,3768998,1012,669583744538451968
2154,465,3768999,156,669573570759163904
2155,1677,3768999,1077,669571471778410496
2156,248,3769000,61,669567591774625800
2157,408,3769000,132,669564461267722241
2158,384,3769000,82,669393256313184256
2159,1420,3769001,786,669375718304980992
2160,520,3769001,196,669371483794317312
2161,484,3769002,171,669367896104181761
2162,663,3769001,249,669363888236994561
2163,388,3769001,134,669359674819481600
2164,2876,3769001,1385,669354382627049472
2165,688,3769001,279,669353438988365824
2166,471,3769001,207,669351434509529089
2167,1074,3769001,450,669328503091937280
2168,607,3769001,126,669327207240699904
2169,520,3769001,222,669324657376567296
2170,956,3769001,419,669216679721873412
2171,467,3769001,182,669214165781868544
2172,1069,3769001,519,669203728096960512
2173,692,3769001,333,669037058363662336
2174,782,3769001,402,669015743032369152
2175,608,3769001,269,669006782128353280
2176,22047,3769002,6925,669000397445533696
2177,465,3769002,252,668994913074286592
2178,795,3769002,379,668992363537309700
2179,720,3769002,353,668989615043424256
2180,958,3769002,513,668988183816871936
2181,577,3769002,182,668986018524233728
2182,570,3769003,336,668981893510119424
2183,836,3769003,378,668979806671884288
2184,1381,3769004,635,668975677807423489
2185,161,3769005,25,668967877119254528
2186,753,3769005,263,668960084974809088
2187,298,3769005,77,668955713004314625
2188,282,3769005,62,668932921458302977
2189,335,3769005,107,668902994700836864
2190,419,3769005,163,668892474547511297
2191,560,3769005,321,668872652652679168
2192,478,3769006,179,668852170888998912
2193,465,3769007,150,668826086256599040
2194,608,3769007,290,668815180734689280
2195,745,3769007,405,668779399630725120
2196,559,3769007,233,668655139528511488
2197,953,3769163,586,668645506898350081
2198,935,3769007,574,668643542311546881
2199,1136,3769007,572,668641109086707712
2200,1106,3769008,522,668636665813057536
2201,3011,3769008,1776,668633411083464705
2202,754,3769008,346,668631377374486528
2203,337,3769008,123,668627278264475648
2204,417,3769008,140,668625577880875008
2205,1540,3769008,846,668623201287675904
2206,209,3769008,45,668620235289837568
2207,649,3769008,340,668614819948453888
2208,1753,3769008,1170,668587383441514497
2209,262,3769008,62,668567822092664832
2210,554,3769008,248,668544745690562560
2211,492,3769009,231,668542336805281792
2212,265,3769009,79,668537837512433665
2213,493,3769010,242,668528771708952576
2214,343,3769010,115,668507509523615744
2215,435,3769012,145,668496999348633600
2216,451,3769012,250,668484198282485761
2217,490,3769013,162,668480044826800133
2218,937,3769013,556,668466899341221888
2219,653,3769012,318,668297328638447616
2220,262,3769013,34,668291999406125056
2221,532,3769013,149,668286279830867968
2222,881,3769013,248,668274247790391296
2223,590,3769013,258,668268907921326080
2224,1382,3769013,665,668256321989451776
2225,1053,3769013,523,668248472370458624
2226,6573,3769014,3083,668237644992782336
2227,322,3769013,115,668226093875376128
2228,534,3769013,214,668221241640230912
2229,586,3769013,206,668204964695683073
2230,690,3769013,208,668190681446379520
2231,523,3769013,207,668171859951755264
2232,520,3769014,335,668154635664932864
2233,592,3769015,305,668142349051129856
2234,707,3769015,264,668113020489474048
2235,1351,3769015,862,667937095915278337
2236,317,3769015,119,667924896115245057
2237,220,3769015,59,667915453470232577
2238,522,3769015,328,667911425562669056
2239,896,3769015,395,667902449697558528
2240,2005,3769016,1174,667886921285246976
2241,860,3769017,524,667885044254572545
2242,409,3769017,127,667878741721415682
2243,663,3769017,438,667873844930215936
2244,3155,3769017,1103,667866724293877760
2245,253,3769017,86,667861340749471744
2246,302,3769018,68,667832474953625600
2247,1105,3769018,532,667806454573760512
2248,346,3769019,101,667801013445750784
2249,732,3769019,356,667793409583771648
2250,432,3769020,259,667782464991965184
2251,243,3769020,61,667773195014021121
2252,474,3769021,238,667766675769573376
2253,395,3769021,162,667728196545200128
2254,517,3769021,340,667724302356258817
2255,185,3769021,37,667550904950915073
2256,187,3769022,34,667550882905632768
2257,6102,3769022,2447,667549055577362432
2258,350,3769022,137,667546741521195010
2259,914,3769022,565,667544320556335104
2260,218,3769022,72,667538891197542400
2261,863,3769022,572,667534815156183040
2262,499,3769022,261,667530908589760512
2263,1792,3769022,1191,667524857454854144
2264,389,3769022,203,667517642048163840
2265,7118,3769022,2265,667509364010450944
2266,562,3769022,230,667502640335572993
2267,561,3769022,294,667495797102141441
2268,558,3769022,237,667491009379606528
2269,272,3769022,102,667470559035432960
2270,202,3769022,66,667455448082227200
2271,326,3769022,96,667453023279554560
2272,829,3769023,618,667443425659232256
2273,480,3769023,257,667437278097252352
2274,324,3769024,88,667435689202614272
2275,488,3769025,232,667405339315146752
2276,210,3769025,60,667393430834667520
2277,387,3769025,172,667369227918143488
2278,515,3769025,258,667211855547486208
2279,655,3769025,280,667200525029539841
2280,412,3769025,115,667192066997374976
2281,783,3769025,447,667188689915760640
2282,15028,3769025,6589,667182792070062081
2283,200,3769025,58,667177989038297088
2284,637,3769025,483,667176164155375616
2285,261,3769025,87,667174963120574464
2286,233,3769025,99,667171260800061440
2287,2807,3769025,1234,667165590075940865
2288,267,3769025,66,667160273090932737
2289,49523,3769025,18176,667152164079423490
2290,4827,3769025,2372,667138269671505920
2291,345,3769025,135,667119796878725120
2292,346,3769025,131,667090893657276420
2293,422,3769024,132,667073648344346624
2294,87,3769024,14,667070482143944705
2295,173,3769025,50,667065535570550784
2296,225,3769025,57,667062181243039745
2297,197,3769025,54,667044094246576128
2298,469,3769025,237,667012601033924608
2299,257,3769025,101,666996132027977728
2300,2665,3769025,1037,666983947667116034
2301,853,3769025,581,666837028449972224
2302,221,3769025,83,666835007768551424
2303,264,3769025,104,666826780179869698
2304,537,3769025,266,666817836334096384
2305,249,3769025,95,666804364988780544
2306,796,3769025,520,666786068205871104
2307,402,3769026,209,666781792255496192
2308,365,3769027,185,666776908487630848
2309,242,3769027,70,666739327293083650
2310,447,3769027,229,666701168228331520
2311,195,3769027,51,666691418707132416
2312,919,3769027,606,666649482315059201
2313,237,3769027,88,666644823164719104
2314,542,3769027,219,666454714377183233
2315,107,3769027,23,666447344410484738
2316,131,3769027,52,666437273139982337
2317,171,3769029,54,666435652385423360
2318,329,3769029,203,666430724426358785
2319,171,3769029,90,666428276349472768
2320,325,3769029,118,666421158376562688
2321,129,3769029,48,666418789513326592
2322,457,3769029,337,666411507551481857
2323,113,3769029,43,666407126856765440
2324,171,3769029,91,666396247373291520
2325,194,3769029,99,666373753744588802
2326,801,3769028,590,666362758909284353
2327,228,3769030,76,666353288456101888
2328,308,3769030,146,666345417576210432
2329,203,3769029,96,666337882303524864
2330,519,3769029,365,666293911632134144
2331,152,3769030,71,666287406224695296
2332,183,3769030,81,666273097616637952
2333,108,3769030,37,666268910803644416
2334,14703,3769030,6835,666104133288665088
2335,81,3769030,15,666102155909144576
2336,160,3769030,73,666099513787052032
2337,168,3769030,78,666094000022159362
2338,121,3769030,47,666082916733198337
2339,334,3769030,173,666073100786774016
2340,154,3769030,67,666071193221509120
2341,494,3769031,230,666063827256086533
2342,117,3769031,61,666058600524156928
2343,304,3769031,146,666057090499244032
2344,449,3769034,261,666055525042405380
2345,1250,3769034,877,666051853826850816
2346,136,3769034,60,666050758794694657
2347,111,3769034,41,666049248165822465
2348,309,3769034,147,666044226329800704
2349,128,3769034,47,666033412701032449
2350,132,3769034,48,666029285002620928
2351,2528,3769035,530,666020888022790149
