favorite_count,followers_count,retweet_count,tweet_id
39492,3768791,8842,892420643555336193
33786,3768791,6480,892177421306343426
25445,3768791,4301,891815181378084864
42863,3768791,8925,891689557279858688
41016,3768791,9721,891327558926688256
20548,3768791,3240,891087950875897856
12053,3768791,2142,890971913173991426
66596,3768791,19548,890729181411237888
28187,3768791,4403,890609185150312448
32467,3768792,7684,890240255349198849
31127,3768793,7584,890006608113172480
28208,3768916,5116,889880896479866881
38745,3768793,8502,889665388333682689
27633,3768793,4705,889638837579907072
15329,3768793,2309,889531135344209921
25712,3768793,5635,889278841981685760
29555,3768793,4681,888917238123831296
26021,3768793,4535,888804989199671297
20267,3768793,3722,888554962724278272
22144,3768796,3637,888078434458587136
30690,3768796,5584,887705289381826560
46940,3768796,12053,887517139158093824
70007,3768796,18813,887473957103951883
34223,3768796,10713,887343217045368832
31045,3768797,6147,887101392804085760
35786,3768797,8045,886983233522544640
12286,3768798,3420,886736880519319552
22802,3768798,4597,886680336477933568
21488,3768798,3297,886366144734445568
117,3768798,4,886267009285017600
28437,3768798,6506,886258384151887873
1574,3768799,106,886054160059072513
33299,3768799,7043,885984800019947520
36592,3768801,6642,885528943205470208
20739,3768801,3876,885518971528720385
73157,3768801,19188,885311592912609280
22304,3768801,4526,885167619883638784
78881,3768801,19149,884925521741709313
28429,3768801,6042,884876753390489601
24716,3768801,5076,884562892145688576
27443,3768802,5836,884441805382717440
74192,3768802,21105,884247878851493888
20719,3768802,3099,884162670584377345
22269,3768801,3559,883838122936631299
46741,3768801,10336,883482846933004288
22932,3768801,3802,883360690899218434
37810,3768801,6900,883117836046086144
24358,3768801,4086,882992080364220416
28810,3768802,5086,882762694511734784
28327,3768802,6303,882627270321602560
45745,3768803,12013,882268110199369728
29843,3768806,5162,882045870035918850
24708,3768807,3516,881906580714921986
51390,3768807,11026,881666595344535552
129,3768930,7,881633300179243008
50326,3768807,16564,881536004380872706
23462,3768807,5328,881268444196462592
17288,3768807,2871,880935762899988482
21667,3768807,3957,880872448815771648
28997,3768807,6500,880465832366813184
27561,3768807,4398,880221127280381952
28085,3768807,4506,880095782870896641
22609,3768807,3615,879862464715927552
313,3768807,10,879674319642796034
23778,3768807,3300,879492040517615616
107834,3768807,45655,879415818425184262
17061,3768807,3239,879376492567855104
42743,3768807,7118,879130579576475649
22978,3768807,4890,879050749262655488
19265,3768807,2793,879008229531029506
19708,3768807,4282,878776093423087618
30835,3768807,7510,878604707211726852
7890,3768807,1338,878404777348136964
22047,3768807,6925,878316110768087041
7890,3768807,1338,878281511006478336
42743,3768807,7118,878057613040115712
81450,3768930,19908,877736472329191424
1895,3768807,82,877611172832227328
23188,3768809,3973,877556246731214848
27835,3768809,5377,877316821321428993
27661,3768809,5829,877201837425926144
21069,3768809,3493,876838120628539392
23789,3768809,4775,876537666061221889
19086,3768809,2499,876484053909872640
28392,3768809,4872,876120275196170240
25710,3768809,4478,875747767867523072
22346,3768810,5114,875144289856114688
27915,3768811,6303,875097192612077568
25948,3768811,4895,875021211251597312
28371,3768811,4825,874680097055178752
54493,3768811,15442,874434818259525634
26563,3768812,4284,874296783580663808
23061,3768812,4107,874057562936811520
35406,3768812,10926,874012996292530176
54897,3768812,12435,873697596434513921
24757,3768812,4110,873580283840344065
7435,3768812,1656,873337748698140672
7435,3768812,1656,873213775632977920
27918,3768812,5632,872967104147763200
15006,3768813,3858,872820683541237760
717,3768813,31,872668790621863937
21254,3768813,3871,872620804844003328
41474,3768813,9365,872486979161796608
34982,3768813,6606,872261713294495745
35224,3768813,8493,872122724285648897
38995,3768813,11810,871879754684805121
20716,3768936,3641,871762521631449091
20687,3768813,3608,871515927908634625
24841,3768813,5956,871166179821445120
21403,3768813,5729,871102520638267392
23174,3768813,3972,871032628920680449
33689,3768813,6348,870804317367881728
120,3768814,3,870726314365509632
12767,3768814,2798,870656317836468226
84753,3768814,27502,870374049280663552
22375,3768814,4355,870308999962521604
37660,3768814,8787,870063196459192321
43546,3768815,10580,869772420881756160
29014,3768815,6680,869702957897576449
16431,3768815,3300,869596645499047938
21052,3768815,4004,869227993411051520
54897,3768815,12435,868880397819494401
10485,3768815,2219,868639477480148993
28165,3768815,6234,868622495443632128
10485,3768815,2219,868552278524837888
24905,3768815,4410,867900495410671616
35055,3768815,7740,867774946302451713
16683,3768815,2673,867421006826221569
1905,3768815,134,867072653475098625
33289,3768815,8367,867051520902168576
106481,3768815,32705,866816280283807744
20805,3768815,5139,866720684873056260
20002,3768815,3707,866686824827068416
106481,3768815,32705,866450705531457537
54493,3768815,15442,866334964761202691
37150,3768815,8882,866094527597207552
26528,3768816,5975,865718153858494464
27416,3768816,5351,865359393868664832
28978,3768816,8162,865006731092295680
33537,3768816,9320,864873206498414592
15134,3768816,3251,864279568663928832
31314,3768816,9552,864197398364647424
21390,3768816,4419,863907417377173506
15875,3768816,4464,863553081350529029
8911,3768816,2664,863471782782697472
24734,3768816,5627,863432100342583297
2349,3768816,105,863427515083354112
9068,3768816,1188,863079547188785154
8911,3768816,2664,863062471531167744
19946,3768817,5421,862831371563274240
17722,3768817,3782,862722525377298433
21405,3768817,5342,862457590147678208
77714,3768817,24997,862096992088072192
37599,3768816,11456,861383897657036800
17961,3768816,4465,861288531465048066
17460,3768816,4093,861005113778896900
7841,3768816,2317,860981674716409858
10583,3768816,879,860924035999428608
7841,3768816,2317,860563773140209665
24590,3768817,5664,860524505164394496
19081,3768816,3724,860276583193509888
17429,3768816,6277,860184849394610176
54793,3768816,33231,860177593139703809
19962,3768816,4320,859924526012018688
16044,3768816,3762,859851578198683649
19391,3768816,1695,859607811541651456
94035,3768816,32589,859196978902773760
35446,3768816,14658,859074603037188101
29844,3768816,8762,858860390427611136
16242,3768817,3746,858843525470990336
22528,3768817,5243,858471635011153920
16459,3768818,3140,858107933456039936
16883,3768818,2790,857989990357356544
35902,3768818,11452,857746408056729600
6213,3768818,1772,857393404942143489
20956,3768818,4903,857263160327368704
242,3768818,20,857214891891077121
5471,3768818,182,857062103051644929
19838,3768818,4342,857029823797047296
41876,3768819,11580,856602993587888130
17075,3768820,3113,856543823941562368
12412,3768820,2053,856526610513747968
11245,3768821,729,856330835276025856
540,3768821,17,856288084350160898
29007,3768821,6818,856282028240666624
354,3768821,28,855862651834028034
4687,3768822,1092,855860136149123072
12449,3768822,2299,855857698524602368
47679,3768822,19118,855851453814013952
27952,3768822,5905,855818117272018944
31563,3768822,8946,855459453768019968
26494,3768822,6521,855245323840757760
837,3768821,50,855138241867124737
24116,3768944,6657,854732716440526848
30979,3768821,7546,854482394044301312
19954,3768821,5123,854365224396361728
33792,3768821,8245,854120357044912130
17120,3768821,3419,854010172552949760
30306,3768821,6350,853760880890318849
37042,3768821,11198,853639147608842240
16456,3768821,3913,853299958564483072
7867,3768822,2226,852936405516943360
9610,3768823,2024,852912242202992640
15869,3768823,2371,852672615818899456
17419,3768823,3858,852553447878664193
35201,3768823,10906,852311364735569921
21318,3768824,7530,852226086759018497
12176,3768824,1733,852189679701164033
37930,3768824,10647,851953902622658560
773,3768825,23,851861385021730816
17240,3768825,3808,851591660324737024
25855,3768825,7803,851464819735769094
22011,3768825,6315,851224888060895234
33213,3768825,10285,850753642995093505
13946,3768826,2894,850380195714523136
3631,3768826,365,850333567704068097
17454,3768826,4224,850145622816686080
21874,3768826,5429,850019790995546112
32267,3768827,8366,849776966551130114
22062,3768827,5490,849668094696017920
16978,3768827,3461,849412302885593088
12196,3768827,2088,849336543269576704
32482,3768827,7337,849051919805034497
26990,3768827,4795,848690551926992896
20143,3768827,4012,848324959059550208
8799,3768827,825,848213670039564288
17545,3768827,3421,848212111729840128
18715,3768828,3634,847978865427394560
4703,3768828,479,847971574464610304
25198,3768829,5700,847962785489326080
5910,3768829,1513,847842811428974592
7523,3768829,462,847617282490613760
20130,3768830,3756,847606175596138505
21935,3768830,4773,847251039262605312
21492,3768830,6528,847157206088847362
23028,3768830,3564,847116187444137987
21597,3768831,4381,846874817362120707
48198,3768830,12992,846514051647705089
15250,3768830,3468,846505985330044928
34263,3768830,10154,846153765933735936
33099,3768831,10908,846139713627017216
17192,3768831,3206,846042936437604353
31600,3768831,9815,845812042753855489
27040,3768832,5333,845677943972139009
28385,3768832,14970,845459076796616705
8215,3768831,2056,845397057150107648
25123,3768832,6013,845306882940190720
25743,3768832,8595,845098359547420673
14678,3768832,2891,844979544864018432
16307,3768832,3597,844973813909606400
41876,3768832,11580,844704788403113984
17787,3768832,3516,844580511645339650
14700,3768832,2437,844223788422217728
16275,3768832,3268,843981021012017153
23113,3768832,5200,843856843873095681
18234,3768831,3066,843604394117681152
23218,3768831,6809,843235543001513987
106634,3768831,56373,842892208864923648
16380,3768831,4008,842846295480000512
7292,3768830,1435,842765311967449089
19561,3768830,3921,842535590457499648
26494,3768830,6521,842163532590374912
15145,3768830,3363,842115215311396866
38096,3768831,17399,841833993020538882
27739,3768832,8703,841680585030541313
13703,3768832,4138,841439858740625411
21340,3768831,6056,841320156043304961
17224,3768831,5283,841314665196081154
24841,3768831,5956,841077006473256960
9722,3768831,1960,840761248237133825
49526,3768831,18176,840728873075638272
195,3768831,3,840698636975636481
13323,3768831,1108,840696689258311684
9722,3768831,1960,840632337062862849
17859,3768832,5117,840370681858686976
20863,3768832,6460,840268004936019968
14575,3768832,2579,839990271299457024
29844,3768832,8762,839549326359670784
1996,3768832,159,839290600511926273
29552,3768833,7375,839239871831150596
21237,3768833,4479,838952994649550848
12135,3768833,2341,838921590096166913
792,3768833,37,838916489579200512
33545,3768834,12544,838831947270979586
11849,3768834,1494,838561493054533637
24569,3768835,5452,838476387338051585
34862,3768835,11466,838201503651401729
1819,3768835,366,838150277551247360
150,3768836,0,838085839343206401
19124,3768836,3557,838083903487373313
37150,3768836,8882,837820167694528512
4189,3768836,494,837482249356513284
13909,3768836,2611,837471256429613056
22964,3768836,5969,837366284874571778
17408,3768836,2718,837110210464448512
1392,3768836,86,837012587749474308
13823,3768836,2598,836989968035819520
20944,3768836,5201,836753516572119041
13733,3768836,2511,836677758902222849
7078,3768836,622,836648853927522308
57371,3768836,31140,836397794269200385
15976,3768836,3321,836380477523124226
23100,3768836,4832,836260088725786625
20840,3768836,4901,836001077879255040
29595,3768837,9272,835685285446955009
19379,3768838,4097,835574547218894849
8467,3768838,1930,835536468978302976
40913,3768838,23870,835309094223372289
17791,3768838,3368,835297930240217089
8467,3768838,1930,835264098648616962
2248,3768838,82,835246439529840640
28461,3768838,6493,835172783151792128
24478,3768838,3425,835152434251116546
11791,3768838,1872,834931633769889797
22874,3768838,6132,834786237630337024
14939,3768838,2868,834574053763584002
34779,3768838,12146,834477809192075265
10482,3768839,1893,834458053273591808
22505,3768839,5442,834209720923721728
17141,3768840,4111,834167344700198914
10957,3768840,2420,834089966724603904
14240,3768840,2504,834086379323871233
14594,3768840,2717,833863086058651648
16661,3768839,3886,833826103416520705
2149,3768840,250,833732339549220864
22501,3768840,3626,833722901757046785
16193,3768840,2345,833479644947025920
22062,3768840,5490,833124694597443584
14506,3768840,2508,832998151111966721
1460,3768840,44,832769181346996225
18356,3768840,4109,832757312314028032
12969,3768840,3348,832682457690300417
3185,3768840,590,832645525019123713
17310,3768840,3202,832636094638288896
13067,3768840,2533,832397543355072512
18715,3768841,3634,832369877331693569
12339,3768841,2657,832273440279240704
20221,3768840,7033,832215909146226688
27474,3768840,10673,832215726631055365
72,3768840,3,832088576586297345
34822,3768840,11050,832040443403784192
13826,3768840,4720,832032802820481025
26297,3768840,6992,831939777352105988
369,3768840,39,831926988323639298
30248,3768841,7409,831911600680497154
11439,3768842,2053,831670449226514432
7868,3768966,2226,831650051525054464
9843,3768843,2620,831552930092285952
10011,3768844,1737,831322785565769729
7087,3768843,1261,831315979191906304
12777,3768843,2772,831309418084069378
13018,3768844,2338,831262627380748289
8705,3768844,1725,830956169170665475
73157,3768846,19188,830583320585068544
22165,3768846,6519,830173239259324417
10769,3768846,3441,830097400375152640
23675,3768846,5734,829878982036299777
13402,3768846,2234,829861396166877184
34779,3768846,12146,829501995190984704
11484,3768846,2319,829449946868879360
37930,3768846,10647,829374341691346946
26859,3768846,8486,829141528400556032
58067,3768846,18527,829011960981237760
16308,3768847,3880,828801551087042563
27990,3768848,6713,828770345708580865
40107,3768848,12811,828708714936930305
10437,3768848,1540,828650029636317184
6873,3768848,1300,828409743546925057
8368,3768848,1468,828408677031882754
13819,3768848,2540,828381636999917570
8084,3768849,1210,828376505180889089
13706,3768849,3325,828372645993398273
2401,3768849,194,828361771580813312
12887,3768851,3245,828046555563323392
11364,3768851,2441,828011680017821696
22098,3768851,5958,827933404142436356
16917,3768851,3414,827653905312006145
8125,3768851,1080,827600520311402496
17444,3768851,3490,827324948884643840
25970,3768851,13452,827228250799742977
11609,3768851,2566,827199976799354881
23675,3768851,5734,826958653328592898
40170,3768851,11805,826848821049180160
17181,3768851,4498,826615380357632002
5617,3768851,292,826598799820865537
11076,3768851,2701,826598365270007810
20201,3768851,4801,826476773533745153
14564,3768851,2957,826240494070030336
5340,3768851,1070,826204788643753985
17239,3768851,3584,826115272272650244
11481,3768851,2138,825876512159186944
13974,3768851,2837,825829644528148480
56199,3768851,19563,825535076884762624
20129,3768851,5223,825147591692263424
6991,3768851,1477,825120256414846976
6991,3768851,1477,825026590719483904
18062,3768852,6262,824796380199809024
16440,3768852,4042,824775126675836928
11068,3768852,1986,824663926340194305
12961,3768852,11791,824325613288833024
16567,3768853,4442,824297048279236611
5234,3768853,675,824025158776213504
11712,3768853,3110,823939628516474880
33358,3768854,12874,823719002937630720
13786,3768855,2764,823699002998870016
14336,3768855,3020,823581115634085888
773,3768855,30,823333489516937216
17363,3768855,4615,823322678127919110
38696,3768855,11350,823269594223824897
19071,3768855,3936,822975315408461824
132318,3768855,47958,822872901745569793
14526,3768855,2611,822859134160621569
20023,3768855,7349,822647212903690241
16259,3768855,3409,822610361945911296
20023,3768855,7349,822489057087389700
31684,3768855,17089,822462944365645825
38696,3768856,11350,822244816520155136
17100,3768856,5529,822163064745328640
12529,3768856,2682,821886076407029760
13464,3768856,3810,821813639212650496
9285,3768856,1893,821765923262631936
8842,3768856,2021,821522889702862852
18547,3768856,6424,821421320206483457
13026,3768856,5031,821407182352777218
278,3768857,10,821153421864615936
9678,3768857,2309,821149554670182400
10596,3768857,2477,821107785811234820
13974,3768857,2622,821044531881721856
25548,3768857,7694,820837357901512704
34862,3768857,11466,820749716845686786
13476,3768857,3699,820690176645140481
3696,3768857,646,820494788566847489
17024,3768857,2968,820446719150292993
3696,3768857,646,820314633777061888
21891,3768857,7216,820078625395449857
5905,3768857,1361,820013781606658049
5903,3768858,1361,819952236453363712
14243,3768858,5576,819924195358416896
14863,3768858,3583,819711362133872643
10556,3768858,2259,819588359383371776
7982,3768858,1377,819347104292290561
2539,3768857,459,819238181065359361
25548,3768857,7694,819227688460238848
95138,3768857,42045,819015337530290176
49786,3768857,21699,819015331746349057
49786,3768857,21699,819006400881917954
95138,3768857,42045,819004803107983360
47106,3768857,23959,818646164899774465
24481,3768857,8527,818627210458333184
10920,3768858,2965,818614493328580609
24461,3768858,7085,818588835076603904
12086,3768858,2864,818536468981415936
33829,3768858,9331,818307523543449600
12163,3768858,2611,818259473185828864
13621,3768859,2993,818145370475810820
5337,3768859,902,817908911860748288
57371,3768860,31140,817827839487737858
11855,3768861,3071,817777686764523521
13051,3768861,3488,817536400337801217
10227,3768860,3902,817502432452313088
38096,3768859,17399,817423860136083457
6234,3768859,1122,817415592588222464
24964,3768859,9846,817181837579653120
9650,3768860,2315,817171292965273600
13331,3768860,3004,817120970343411712
9489,3768861,1916,817056546584727552
18527,3768862,5468,816829038950027264
11030,3768840,2350,816816676327063552
10860,3768862,2529,816697700272001025
33829,3768862,9331,816450570814898180
9529,3768862,2253,816336735214911488
9882,3768863,2490,816091915477250048
5526,3768863,1201,816062466425819140
16251,3768863,6115,816014286006976512
5526,3768864,1201,815990720817401858
24964,3768864,9846,815966073409433600
14627,3768864,4774,815745968457060357
10894,3768864,2607,815736392542261248
9130,3768864,1901,815639385530101762
11423,3768864,4388,815390420867969024
8447,3768865,1500,814986499976527872
12481,3768866,3119,814638523311648768
18319,3768866,6716,814578408554463233
9597,3768866,2143,814530161257443328
31880,3768866,10034,814153002265309185
14015,3768866,3717,813944609378369540
10296,3768866,2180,813910438903693312
40231,3768866,16183,813812741911748608
9265,3768867,2042,813800681631023104
20708,3768867,8436,813217897535406080
10160,3768867,2079,813202720496779264
22007,3768867,5063,813187593374461952
10344,3768867,2227,813172488309972993
8553,3768867,2547,813157409116065792
9316,3768868,2714,813142292504645637
4949,3768868,511,813130366689148928
13188,3768868,3628,813127251579564032
11462,3768868,3208,813112105746448384
11644,3768868,4187,813096984823349248
10956,3768868,3201,813081950185472002
8825,3768868,2259,813066809284972545
23221,3768847,8455,813051746834595840
8342,3768869,2187,812781120811126785
18203,3768869,8025,812747805718642688
7344,3768869,1658,812709060537683968
6759,3768869,1419,812503143955202048
8873,3768869,2218,812466873996607488
15161,3768869,4230,812372279581671427
8067,3768870,1642,811985624773361665
8390,3768870,1873,811744202451197953
6189,3768870,866,811647686436880384
14210,3768870,3633,811627233043480576
23211,3768871,7405,811386762094317568
5904,3768871,1647,810984652412424192
10057,3768871,2082,810896069567610880
12150,3768871,3043,810657578271330305
39481,3768871,13304,810284430598270976
16308,3768871,3880,810254108431155201
17181,3768871,4498,809920764300447744
18820,3768871,5679,809808892968534016
7693,3768871,1687,809448704142938112
22165,3768871,6519,809220051211603969
14628,3768871,4029,809084759137812480
11221,3768871,3516,808838249661788160
8769,3768872,2502,808733504066486276
12533,3768873,2996,808501579447930884
47106,3768873,23959,808344865868283904
27290,3768873,6925,808134635716833280
9671,3768873,2515,808106460588765185
13948,3768873,4075,808001312164028416
16179,3768873,4267,807621403335917568
106634,3768873,56373,807106840509214720
26849,3768873,8471,807059379405148160
14452,3768874,4402,807010152071229440
83401,3768874,40437,806629075125202948
23074,3768874,6383,806620845233815552
5350,3768874,2216,806576416489959424
11321,3768874,2747,806542213899489280
32504,3768874,13512,806242860592926720
7122,3768874,1383,806219024703037440
19173,3768874,6201,805958939288408065
9164,3768875,2195,805932879469572096
7304,3768875,2126,805826884734976000
22401,3768875,9320,805823200554876929
6342,3768875,1899,805520635690676224
9734,3768875,2916,805487436403003392
8644,3768875,1964,805207613751304193
15262,3768875,4461,804738756058218496
6856,3768875,2341,804475857670639616
11267,3768875,3698,804413760345620481
49596,3768875,18791,804026241225523202
11157,3768875,3202,803773340896923648
21182,3768875,8638,803692223237865472
12226,3768875,4803,803638050916102144
8575,3768875,2155,803380650405482500
17733,3768875,6178,803321560782307329
11161,3768875,2868,803276597545603072
10047,3768875,2322,802952499103731712
12468,3768877,3390,802624713319034886
7919,3768877,1700,802600418706604034
9919,3768878,2909,802572683846291456
18061,3768878,6780,802323869084381190
7011,3768878,1568,802265048156610565
16444,3768878,5202,802247111496568832
10088,3768879,3029,802239329049477120
2915,3768879,314,802185808107208704
8574,3768880,1984,801958328846974976
1948,3768880,274,801854953262350336
9109,3768880,2377,801538201127157760
6760,3768880,955,801285448605831168
27290,3768880,6925,801167903437357056
15351,3768880,4598,801127390143516673
8972,3768881,2417,801115127852503040
774,3768881,113,800859414831898624
11520,3768881,1884,800855607700029440
11655,3768881,3203,800751577355128832
14632,3768882,3476,800513324630806528
10499,3768882,2480,800459316964663297
13050,3768882,5024,800443802682937345
12409,3768882,3250,800388270626521089
13953,3768883,4555,800188575492947969
17023,3768883,2968,800141422401830912
31655,3768883,15274,800018252395122689
17218,3768883,5448,799774291445383169
9352,3768883,2497,799757965289017345
8938,3768883,2207,799422933579902976
24093,3768883,6425,799308762079035393
11024,3768882,3214,799297110730567681
9024,3768882,2852,799063482566066176
14669,3768881,5177,798933969379225600
8223,3768881,1657,798925684722855936
19797,3768880,7685,798705661114773508
20628,3768880,9060,798701998996647937
20286,3768880,7555,798697898615730177
13398,3768880,5779,798694562394996736
8308,3768880,2690,798686750113755136
13733,3768881,5486,798682547630837760
18404,3768881,6454,798673117451325440
8955,3768881,4494,798665375516884993
7091,3768882,2142,798644042770751489
7118,3768882,2265,798628517273620480
15028,3768882,6589,798585098161549313
14703,3768882,6835,798576900688019456
13308,3768882,3901,798340744599797760
11508,3768883,2947,798209839306514432
12975,3768883,3636,797971864723324932
16135,3768883,5622,797545162159308800
22250,3768883,7693,797236660651966464
255,3768883,32,797165961484890113
21968,3768883,10356,796904159865868288
8528,3768883,2188,796865951799083009
13222,3768883,3549,796759840936919040
24088,3768883,8471,796563435802726400
8444,3768883,2035,796484825502875648
12278,3768883,4830,796387464403357696
36048,3768883,16559,796177847564038144
36048,3768883,16559,796149749086875649
5486,3768883,2071,796125600683540480
10109,3768883,2796,796116448414461957
9426,3768884,2690,796080075804475393
12020,3768884,4271,796031486298386433
55479,3768884,27586,795464331001561088
11229,3768884,3310,795400264262053889
18062,3768884,6262,795076730285391872
13117,3768886,3924,794983741416415232
11454,3768886,2684,794926597468000259
30604,3768887,11969,794355576146903043
10648,3768865,3076,794332329137291264
10273,3768889,3874,794205286408003585
18820,3768889,5679,793962221541933056
10247,3768889,2177,793845145112371200
13086,3768889,3646,793614319594401792
8881,3768889,1901,793601777308463104
11908,3768868,2772,793500921481273345
27474,3768890,10673,793286476301799424
9649,3768890,2751,793271401113350145
22263,3768892,9661,793256262322548741
11741,3768892,3790,793241302385262592
10961,3768892,3322,793226087023144960
9957,3768892,3282,793210959003287553
17001,3768892,6504,793195938047070209
7710,3768892,2306,793180763617361921
10436,3768894,3227,793165685325201412
6886,3768894,1982,793150605191548928
7182,3768894,2884,793135492858580992
14138,3768894,4533,793120401413079041
16001,3768894,4693,792913359805018113
12612,3768894,4950,792883833364439040
8170,3768894,1958,792773781206999040
15071,3768894,4976,792394556390137856
7992,3768895,2080,792050063153438720
38343,3768895,24370,791821351946420224
20038,3768895,11208,791784077045166082
10466,3768895,4411,791780927877898241
37678,3768896,21061,791774931465953280
13086,3768896,3646,791672322847637504
14627,3768896,4774,791406955684368384
9801,3768896,2947,791312159183634433
13984,3768896,4818,791026214425268224
11041,3768896,2468,790987426131050500
18527,3768896,5468,790946055508652032
10311,3768896,2686,790723298204217344
9118,3768897,2191,790698755171364864
22397,3768897,8143,790581949425475584
8696,3768897,2160,790337589677002753
14015,3768897,3717,790277117346975746
13468,3768897,4171,790227638568808452
10311,3768897,2686,789986466051088384
11451,3768897,4816,789960241177853952
11614,3768897,4833,789903600034189313
8410,3768897,2072,789628658055020548
7579,3768897,2267,789599242079838210
13117,3768897,3924,789530877013393408
9574,3768897,2655,789314372632018944
14563,3768897,5720,789280767834746880
10147,3768898,2996,789268448748703744
10824,3768898,3232,789137962068021249
30520,3768898,14347,788908386943430656
30604,3768898,11969,788765914992902144
19376,3768899,8365,788552643979468800
15998,3768899,5964,788412144018661376
8060,3768899,2477,788178268662984705
6837,3768899,1502,788150585577050112
12422,3768899,3933,788070120937619456
6838,3768899,1529,788039637453406209
9678,3768899,3523,787810552592695296
11370,3768900,3226,787717603741622272
12064,3768900,3281,787397959788929025
8687,3768900,2024,787322443945877504
13903,3768902,7746,787111942498508800
29595,3768903,9272,786963064373534720
9382,3768903,2809,786729988674449408
20221,3768903,7033,786709082849828864
11908,3768903,2981,786664955043049472
10460,3768903,3575,786595970293370880
12129,3768903,4054,786363235746385920
8892,3768903,3328,786286427768250368
17100,3768903,5529,786233965241827333
1607,3768903,178,786051337297522688
21161,3768903,8148,786036967502913536
12636,3768903,3627,785927819176054784
7452,3768903,2112,785872687017132033
8680,3768903,2545,785639753186217984
10146,3768903,2318,785533386513321988
6782,3768904,1466,785515384317313025
8095,3768904,1897,785264754247995392
13438,3768904,5608,785170936622350336
11268,3768904,3698,784826020293709826
10005,3768904,2945,784517518371221505
6308,3768905,1479,784431430411685888
22401,3768883,9320,784183165795655680
33358,3768906,12874,784057939640352768
33544,3768906,12544,783839966405230592
8176,3768907,2259,783821107061198850
11595,3768907,3706,783695101801398276
9426,3768908,2586,783466772167098368
18821,3768908,6393,783391753726550016
15725,3768909,6495,783347506784731136
32504,3768909,13512,783334639985389568
9069,3768909,2541,783085703974514689
26849,3768910,8471,782969140009107456
8276,3768910,1593,782747134529531904
19173,3768910,6201,782722598790725632
8664,3768911,2177,782598640137187329
18547,3768911,6424,782305867769217024
18484,3768911,7196,782021823840026624
12317,3768912,3885,781955203444699136
11586,3768912,3107,781661882474196992
4445,3768912,1305,781655249211752448
23074,3768913,6383,781524693396357120
7932,3768913,2933,781308096455073793
9403,3768913,2430,781251288990355457
10852,3768913,3149,781163403222056960
24088,3768913,8471,780931614150983680
8007,3768913,2311,780858289093574656
6114,3768914,1493,780800785462489090
13464,3768914,3810,780601303617732608
7001,3768914,2008,780543529827336192
10771,3768914,4293,780496263422808064
963,3768914,136,780476555013349377
5868,3768914,1221,780459368902959104
9671,3768914,2571,780192070812196864
8365,3768914,2644,780092040432480260
13667,3768914,5756,780074436359819264
21161,3768914,8148,779834332596887552
9791,3768914,3584,779377524342161408
34731,3768914,21187,779124354206535695
13146,3768914,4189,779123168116150273
16444,3768915,5202,779056095788752897
22262,3768915,8371,778990705243029504
21213,3768916,11474,778774459159379968
952,3768916,422,778764940568104960
7681,3768916,1549,778748913645780993
6415,3768916,1714,778650543019483137
5166,3768916,1165,778624900596654080
15089,3768917,4988,778408200802557953
28862,3768917,14089,778396591732486144
6502,3768917,1264,778383385161035776
11529,3768919,3804,778286810187399168
9386,3768919,3040,778039087836069888
7292,3768918,1867,778027034220126208
12104,3768918,4053,777953400541634568
7054,3768918,1882,777885040357281792
12468,3768919,3390,777684233540206592
14506,3768919,4915,777641927919427584
9706,3768919,2884,777621514455814149
15858,3768919,4965,777189768882946048
39558,3768919,15743,776819012571455488
5420,3768919,1393,776813020089548800
9823,3768920,3223,776477788987613185
25015,3768920,10590,776249906839351296
33209,3768920,18343,776218204058357768
10635,3768920,2890,776201521193218049
13050,3768920,5024,776113305656188928
2037,3768920,177,776088319444877312
44456,3768920,17522,775898661951791106
12980,3768920,3083,775842724423557120
15351,3768920,4598,775733305207554048
14298,3768920,5262,775729183532220416
8265,3768921,3445,775364825476165632
11261,3768921,4496,775350846108426240
17218,3768921,5448,775085132600442880
9429,3768922,2023,774757898236878852
7461,3768922,2000,774639387460112384
24093,3768922,6425,774314403806253056
11869,3768922,4449,773985732834758656
7078,3768922,1980,773922284943896577
7287,3768923,1873,773704687002451968
5910,3768924,1489,773670353721753600
24461,3768924,7085,773547596996571136
11692,3768924,5860,773336787167145985
25743,3768924,8595,773308824254029826
10368,3768924,3672,773247561583001600
11079,3768924,4713,773191612633579521
9525,3768924,4462,772877495989305348
8820,3768924,2654,772826264096874500
12843,3768925,3881,772615324260794368
7167,3768925,1954,772581559778025472
6642,3768925,1596,772193107915964416
4168,3768925,1292,772152991789019136
4153,3768925,844,772117678702071809
2994,3768925,544,772114945936949249
4438,3768925,1060,772102971039580160
7266,3768925,2158,771908950375665664
13308,3768925,3901,771770456517009408
9146,3768925,2992,771500966810099713
11692,3768925,5860,771380798096281600
14374,3768926,8653,771171053431250945
10184,3768926,3337,771136648247640064
6875,3768926,1648,771102124360998913
6998,3768926,1768,771014301343748096
2400,3768926,252,771004394259247104
5478,3768926,1407,770787852854652928
5734,3768927,1611,770772759874076672
74884,3768927,52101,770743923962707968
8092,3768928,1999,770655142660169732
6962,3768928,2369,770414278348247044
6899,3768928,1703,770293558247038976
10295,3768929,3492,770093767776997377
8353,3768929,2633,770069151037685760
34822,3768929,11050,769940425801170949
7073,3768929,1911,769695466921623552
15879,3768929,8780,769335591808995329
5963,3768929,1954,769212283578875904
15958,3768929,7503,768970937022709760
8230,3768929,3103,768909767477751808
4645,3768929,1028,768855141948723200
4562,3768929,1378,768609597686943744
5565,3768929,1464,768596291618299904
21815,3768929,6673,768554158521745409
15048,3768929,3932,768473857036525572
12104,3768929,4053,768193404517830656
5284,3768930,1618,767884188863397888
17733,3768930,6178,767754930266464257
8253,3768930,2671,767500508068192258
13576,3768930,4372,767191397493538821
11180,3768930,3246,767122157629476866
16212,3768930,6481,766864461642756096
5626,3768930,1556,766793450729734144
2862,3768930,435,766714921925144576
4467,3768930,912,766693177336135680
6651,3768930,1810,766423258543644672
7467,3768930,2156,766313316352462849
7658,3768930,2955,766078092750233600
4735,3768930,997,766069199026450432
4120,3768933,568,766008592277377025
7990,3768935,2461,765719909049503744
5724,3768935,1402,765669560888528897
20472,3768935,3114,765395769549590528
7813,3768936,2461,765371061932261376
12843,3768937,3881,765222098633691136
7072,3768937,2016,764857477905154048
6688,3768938,1735,764259802650378240
806,3768938,61,763956972077010945
13984,3768938,4818,763837565564780549
5981,3768939,1690,763183847194451968
7996,3768939,3471,763167063695355904
8120,3768939,2587,763103485927849985
13468,3768939,4171,762699858130116608
12526,3768941,7546,762471784394268675
11451,3768941,4816,762464539388485633
5336,3768941,1288,762316489655476224
35270,3768941,17815,762035686371364864
5962,3768941,2297,761976711479193600
10413,3768942,4511,761750502866649088
4692,3768942,975,761745352076779520
54793,3768943,33230,761672994376806400
4559,3768943,1330,761599872357261312
35709,3768943,20400,761371037149827077
5761,3768943,1658,761334018830917632
4937,3768944,1256,761292947749015552
5891,3768944,1766,761227390836215808
12422,3768945,3933,761004547850530816
4212,3768945,1101,760893934457552897
7308,3768946,2198,760656994973933572
5455,3768946,1477,760641137271070720
8354,3768946,4148,760539183865880579
4665,3768947,1598,760521673607086080
29503,3768947,13070,760290219849637889
4326,3768948,989,760252756032651264
6303,3768948,2067,760190180481531904
221,3768948,38,760153949710192640
6558,3768948,2369,759943073749200896
16212,3768948,6481,759923798737051648
7399,3768948,2256,759846353224826880
6585,3768948,2164,759793422261743616
43517,3768949,24183,759566828574212096
5185,3768949,1337,759557299618865152
9382,3768949,2809,759447681597108224
1841,3768949,557,759446261539934208
6697,3768949,2208,759197388317847553
4087,3768949,1348,759159934323924993
16047,3768950,4790,759099523532779520
7201,3768950,2291,759047813560868866
3892,3768950,1022,758854675097526272
12323,3768950,4351,758828659922702336
6317,3768951,1819,758740312047005698
4205,3768952,1125,758474966123810816
5297,3768952,2516,758467244762497024
5729,3768952,2192,758405701903519748
3782,3768952,1239,758355060040593408
21213,3768953,11474,758099635764359168
2987,3768952,431,758041019896193024
7579,3768952,3692,757741869644341248
18630,3768952,9247,757729163776290825
4994,3768952,1384,757725642876129280
5007,3768952,1265,757611664640446465
1604,3768953,331,757597904299253760
4788,3768953,1206,757596066325864448
16667,3768953,7717,757400162377592832
6434,3768953,1996,757393109802180609
4973,3768953,1624,757354760399941633
6898,3768954,2260,756998049151549440
7306,3768954,2283,756939218950160384
5588,3768954,1503,756651752796094464
11463,3768954,4141,756526248105566208
4345,3768954,1224,756303284449767430
28385,3768954,14970,756288534030475264
7090,3768954,1733,756275833623502848
8064,3768954,3274,755955933503782912
18131,3768954,6120,755206590534418437
23353,3768954,12554,755110668769038337
23469,3768954,9140,754874841593970688
7578,3768954,2856,754856583969079297
2841,3768954,589,754747087846248448
5826,3768954,2209,754482103782404096
4132,3768954,840,754449512966619136
8628,3768954,2655,754120377874386944
9683,3768954,4064,754011816964026368
6424,3768954,2482,753655901052166144
8690,3768954,4049,753420520834629632
6357,3768776,2174,753398408988139520
8365,3768776,2644,753375668877008896
15678,3768776,6576,753298634498793472
3740,3768776,1183,753294487569522689
40913,3768776,23870,753039830821511168
4259,3768776,1103,753026973505581056
13903,3768776,7746,752932432744185856
7551,3768776,1781,752917284578922496
8020,3768776,3273,752701944171524096
6621,3768776,1829,752682090207055872
4860,3768776,1784,752660715232722944
6110,3768776,2588,752568224206688256
8116,3768776,3895,752519690950500352
4213,3768776,1258,752334515931054080
35073,3768776,18880,752309394570878976
6548,3768776,2097,752173152931807232
3397,3768776,1049,751950017322246144
5746,3768776,1516,751937170840121344
6394,3768776,2213,751830394383790080
6448,3768776,3299,751793661361422336
8665,3768776,3419,751598357617971201
4837,3768776,1260,751583847268179968
5526,3768776,1437,751538714308972544
3501,3768776,1120,751456908746354688
13727,3768776,6657,751251247299190784
6920,3768776,2074,751205363882532864
5595,3768776,1475,751132876104687617
5287,3768776,1585,750868782890057730
14563,3768777,5720,750719632563142656
4909,3768777,1309,750506206503038976
14506,3768777,4915,750429297815552001
4984,3768777,1300,750383411068534784
753,3768778,37,750381685133418496
3399,3768778,1091,750147208377409536
3977,3768778,1430,750132105863102464
4725,3768779,1458,750117059602808832
3336,3768779,953,750101899009982464
2375,3768779,612,750086836815486976
8618,3768779,3782,750071704093859840
3429,3768779,1006,750056684286914561
3484,3768778,701,750041628174217216
2973,3768778,884,750026558547456000
3553,3768778,1030,750011400160841729
3319,3768778,913,749996283729883136
5594,3768778,2769,749981277374128128
5092,3768778,1489,749774190421639168
6688,3768778,1891,749417653287129088
2878,3768778,617,749403093750648834
9457,3768778,3927,749395845976588288
6038,3768777,2496,749317047558017024
6332,3768777,2349,749075273010798592
5259,3768778,1708,749064354620928000
3411,3768777,893,749036806121881602
11187,3768777,3746,748977405889503236
6425,3768777,2555,748932637671223296
3028,3768777,1059,748705597323898880
5190,3768777,1810,748699167502000129
4635,3768777,1496,748692773788876800
6663,3768778,2258,748575535303884801
2399,3768778,771,748568946752774144
5709,3768778,1404,748346686624440324
8415,3768779,4673,748337862848962560
4059,3768782,865,748324050481647620
4009,3768782,805,748307329658011649
15471,3768782,8775,748220828303695873
6360,3768782,2433,747963614829678593
7266,3768783,2881,747933425676525569
3226,3768783,1112,747885874273214464
3070,3768783,846,747844099428986880
5316,3768783,1309,747816857231626240
1510,3768783,177,747651430853525504
14119,3768783,6577,747648653817413632
2536,3768784,615,747600769478692864
4043,3768784,1199,747594051852075008
6085,3768784,1796,747512671126323200
4238,3768784,1165,747461612269887489
5942,3768784,2175,747439450712596480
7243,3768784,3244,747242308580548608
5766,3768784,1779,747219827526344708
3706,3768784,1033,747204161125646336
10495,3768784,4527,747103485104099331
3158,3768784,334,746906459439529985
6556,3768786,2418,746872823977771008
5785,3768786,1933,746818907684614144
5322,3768786,1800,746790600704425984
10466,3768786,4411,746757706116112384
6622,3768786,2028,746726898085036033
5497,3768786,2095,746542875601690625
3155,3768786,1103,746521445350707200
5074,3768786,1222,746507379341139972
6611,3768786,1846,746369468511756288
7539,3768786,2493,746131877086527488
3884,3768787,927,746056683365994496
4413,3768787,1201,745789745784041472
7620,3768787,2626,745712589599014916
7780,3768788,2874,745433870967832576
9367,3768788,2754,745422732645535745
7830,3768789,3113,745314880350101504
8566,3768792,3957,745074613265149952
7909,3768792,2568,745057283344719872
3265,3768792,707,744995568523612160
8608,3768792,3027,744971049620602880
6127,3768792,1757,744709971296780288
7407,3768792,2404,744334592493166593
130533,3768791,79116,744234799360020481
1857,3768791,423,744223424764059648
4530,3768791,1227,743980027717509120
3974,3768791,1079,743895849529389061
4827,3768791,2372,743835915802583040
4889,3768791,1554,743609206067040256
20183,3768791,7411,743595368194129920
3851,3768791,1060,743545585370791937
8626,3768791,4165,743510151680958465
4600,3768792,1359,743253157753532416
6764,3768792,2151,743222593470234624
4186,3768792,1545,743210557239623680
7704,3768792,3989,742534281772302336
4858,3768792,2234,742528092657332225
7886,3768792,4363,742465774154047488
10771,3768791,4293,742423170473463808
7432,3768791,2251,742385895052087300
4726,3768791,1537,742161199639494656
5624,3768791,1771,742150209887731712
4959,3768791,1691,741793263812808706
8905,3768793,3121,741743634094141440
4005,3768793,935,741438259667034112
9600,3768793,3631,741303864243200000
10947,3768793,6218,741099773336379392
10295,3768793,3492,741067306818797568
6984,3768793,3131,740995100998766593
3724,3768793,1058,740711788199743490
3088,3768793,884,740699697422163968
19797,3768793,7685,740676976021798912
37704,3768793,15029,740373189193256964
2715,3768793,488,740365076218183684
3600,3768793,959,740359016048689152
7300,3768793,2211,740214038584557568
21815,3768793,6673,739979191639244800
4426,3768794,1211,739932936087216128
4128,3768794,958,739844404073074688
4163,3768794,1541,739623569819336705
5878,3768794,1867,739606147276148736
43517,3768794,24183,739544079319588864
7850,3768795,3295,739485634323156992
74885,3768953,52101,739238157791694849
115,3768797,6,738891149612572673
4114,3768798,1273,738885046782832640
3652,3768798,914,738883359779196928
5555,3768798,1751,738537504001953792
3586,3768798,949,738402415918125056
4704,3768798,1355,738184450748633089
9587,3768798,3818,738166403467907072
2760,3768798,743,738156290900254721
5735,3768798,2001,737826014890496000
10902,3768798,3887,737800304142471168
5505,3768798,1506,737678689543020544
11252,3768799,5024,737445876994609152
3939,3768800,902,737322739594330112
15990,3768800,8296,737310737551491075
4715,3768801,1958,736736130620620800
19376,3768802,8365,736392552031657984
4353,3768802,1401,736365877722001409
8859,3768802,3099,736225175608430592
8613,3768802,3334,736010884653420544
3919,3768802,1280,735991953473572864
4382,3768803,1230,735648611367784448
6750,3768803,2648,735635087207878657
9579,3768803,4679,735274964362878976
3660,3768805,987,735256018284875776
3412,3768805,1089,735137028879360001
2972,3768805,571,734912297295085568
13669,3768805,7069,734787690684657664
2727,3768805,606,734776360183431168
1639,3768805,450,734559631394082816
3911,3768805,872,733828123016450049
4003,3768805,1136,733822306246479872
3432,3768805,1059,733482008106668032
4588,3768805,1442,733460102733135873
44456,3768805,17522,733109485275860992
2657,3768806,597,732732193018155009
3841,3768806,997,732726085725589504
4004,3768807,861,732585889486888962
8792,3768807,2823,732375214819057664
16251,3768807,6115,732005617171337216
3784,3768807,1087,731285275100512256
4172,3768807,1427,731156023742988288
6656,3768807,2226,730924654643314689
5377,3768807,2422,730573383004487680
3782,3768807,1171,730427201120833536
4157,3768807,1178,730211855403241472
5319,3768808,2157,730196704625098752
4374,3768808,1256,729854734790754305
1849,3768808,426,729838605770891264
4338,3768808,1385,729823566028484608
6315,3768809,2573,729463711119904772
2049,3768809,367,729113531270991872
3443,3768809,911,728986383096946689
5069,3768809,1901,728760639972315136
3022,3768809,754,728751179681943552
3603,3768809,1167,728653952833728512
5355,3768809,2260,728409960103686147
3977,3768811,1071,728387165835677696
4697,3768811,1318,728046963732717569
4932,3768811,1867,728035342121635841
4455,3768811,1214,728015554473250816
3191,3768811,717,727685679342333952
6403,3768811,1953,727644517743104000
4872,3768811,1374,727524757080539137
3605,3768811,831,727314416056803329
3306,3768811,917,727286334147182592
4192,3768811,1538,727175381690781696
3959,3768811,1486,727155742655025152
7470,3768812,2731,726935089318363137
4176,3768811,1672,726887082820554753
3864,3768811,1122,726828223124897792
4786,3768811,1296,726224900189511680
7658,3768811,2955,725842289046749185
4511,3768811,1520,725786712245440512
5625,3768810,1995,725729321944506368
1533,3768810,698,725458796924002305
4016,3768810,1455,724983749226668032
2581,3768810,718,724771698126512129
5772,3768810,1841,724405726123311104
4708,3768810,1977,724049859469295616
2888,3768813,617,724046343203856385
4535,3768813,1783,724004602748780546
4223,3768813,1370,723912936180330496
8406,3768813,3327,723688335806480385
3279,3768813,1004,723673163800948736
5735,3768813,2100,723179728551723008
4473,3768813,1754,722974582966214656
5369,3768813,1824,722613351520608256
5066,3768813,2117,721503162398597120
2733,3768813,685,721001180231503872
3387,3768815,861,720785406564900865
2689,3768815,754,720775346191278080
4480,3768815,1669,720415127506415616
6954,3768815,2822,720389942216527872
3115,3768815,1092,720340705894408192
4207,3768815,1262,720059472081784833
5310,3768815,2240,720043174954147842
5249,3768815,1968,719991154352222208
4954,3768815,1628,719704490224398336
5501,3768815,2177,719551379208073216
3011,3768815,823,719367763014393856
4793,3768815,1393,719339463458033665
3691,3768815,1070,719332531645071360
3795,3768815,1223,718971898235854848
5694,3768815,1964,718939241951195136
20628,3768815,9060,718631497683582976
2656,3768815,539,718613305783398402
2719,3768815,1129,718540630683709445
2832,3768815,596,718460005985447936
5293,3768816,1681,718454725339934721
2097,3768816,561,718246886998687744
4201,3768816,1118,718234618122661888
2648,3768816,666,717841801130979328
3155,3768816,1263,717790033953034240
6256,3768816,2059,717537687239008257
1737,3768816,506,717428917016076293
3429,3768816,943,717421804990701568
6799,3768816,2128,717047459982213120
3565,3768816,1098,717009362452090881
4609,3768816,1311,716802964044845056
5190,3768816,1473,716791146589110272
1335,3768816,475,716730379797970944
14263,3768816,6594,716447146686459905
2562,3768817,246,716439118184652801
3025,3768817,1218,716285507865542656
5252,3768817,1926,716080869887381504
3470,3768817,985,715928423106027520
4063,3768817,1588,715758151270801409
5070,3768817,1908,715733265223708672
3038,3768817,630,715704790270025728
4237,3768817,1443,715696743237730304
4699,3768817,1808,715680795826982913
5926,3768817,1764,715360349751484417
3279,3768818,766,715342466308784130
2613,3768818,734,715220193576927233
5565,3768818,2098,715200624753819648
4527,3768817,1391,715009755312439296
4076,3768817,1162,714982300363173890
7990,3768817,4796,714962719905021952
4487,3768816,1588,714957620017307648
3554,3768816,1115,714631576617938945
3924,3768816,1036,714606013974974464
2951,3768816,1303,714485234495041536
3265,3768816,805,714258258790387713
3552,3768816,938,714251586676113411
2471,3768816,985,714214115368108032
4657,3768816,1560,714141408463036416
3545,3768816,867,713919462244790272
2066,3768817,613,713909862279876608
3049,3768817,827,713900603437621249
5289,3768817,1536,713761197720473600
4778,3768816,1432,713411074226274305
7817,3768816,3167,713177543487135744
4831,3768817,1622,713175907180089344
20286,3768817,7555,712809025985978368
13412,3768818,5591,712717840512598017
4509,3768818,1363,712668654853337088
5773,3768818,1745,712438159032893441
269,3768819,26,712309440758808576
4123,3768819,1165,712097430750289920
3197,3768819,1011,712092745624633345
3515,3768819,554,712085617388212225
2443,3768976,698,712065007010385924
977,3768820,138,711998809858043904
8738,3768819,2584,711968124745228288
3086,3768819,1097,711743778164514816
9713,3768819,4621,711732680602345472
35709,3768819,20400,711694788429553666
4208,3768819,1032,711652651650457602
3981,3768819,1281,711363825979756544
3584,3768819,812,711306686208872448
3255,3768819,703,711008018775851008
4943,3768819,1554,710997087345876993
2765,3768819,775,710844581445812225
2928,3768819,603,710833117892898816
2513,3768819,633,710658690886586372
5201,3768820,2613,710609963652087808
4947,3768821,2099,710588934686908417
2560,3768821,828,710296729921429505
2298,3768821,578,710283270106132480
4911,3768821,1414,710272297844797440
2597,3768821,1255,710269109699739648
3141,3768821,1001,710153181850935296
2999,3768821,1000,710140971284037632
5975,3768821,2224,710117014656950272
3235,3768822,1207,709918798883774466
730,3768822,112,709901256215666688
3803,3768823,1331,709852847387627521
3846,3768823,1363,709566166965075968
3575,3768823,1196,709556954897764353
1612,3768824,276,709519240576036864
2417,3768824,663,709449600415961088
2836,3768824,782,709409458133323776
2604,3768824,643,709225125749587968
13684,3768824,6529,709207347839836162
2623,3768824,716,709198395643068416
2200,3768825,760,709179584944730112
2224,3768824,469,709158332880297985
5174,3768825,1853,709042156699303936
1934,3768825,741,708853462201716736
3217,3768825,1008,708845821941387268
1848,3768825,568,708834316713893888
17967,3768825,7800,708810915978854401
2984,3768825,914,708738143638450176
2771,3768825,829,708711088997666817
2756,3768825,760,708479650088034305
3343,3768825,921,708469915515297792
17430,3768825,11279,708400866336894977
3907,3768825,1511,708356463048204288
2552,3768825,829,708349470027751425
4639,3768825,1722,708149363256774660
3682,3768825,935,708130923141795840
2924,3768825,1101,708119489313951744
2109,3768826,606,708109389455101952
4772,3768827,2158,708026248782585858
3372,3768827,1268,707995814724026368
52,3768828,2,707983188426153984
2932,3768828,1090,707969809498152960
3570,3768828,1072,707776935007539200
2706,3768828,691,707741517457260545
4471,3768828,2769,707738799544082433
3739,3768828,1121,707693576495472641
2823,3768828,988,707629649552134146
18484,3768828,7196,707610948723478529
2487,3768828,785,707420581654872064
2475,3768830,670,707411934438625280
3823,3768830,1478,707387676719185920
3585,3768831,1208,707377100785885184
2691,3768831,725,707315916783140866
3008,3768832,901,707297311098011648
2790,3768832,754,707059547140169728
2391,3768833,897,707038192327901184
4424,3768833,1535,707021089608753152
2496,3768833,659,707014260413456384
15879,3768833,8780,706904523814649856
2255,3768833,676,706901761596989440
3608,3768833,1091,706681918348251136
2804,3768833,1220,706644897839910912
2350,3768833,716,706593038911545345
3757,3768833,1574,706538006853918722
3388,3768833,1147,706516534877929472
3755,3768833,1030,706346369204748288
23355,3768833,8987,706310011488698368
1850,3768833,521,706291001778950144
2964,3768833,1027,706265994973601792
4269,3768834,2497,706169069255446529
5605,3768834,1811,706166467411222528
1627,3768834,432,706153300320784384
3386,3768833,838,705975130514706432
3424,3768834,1005,705970349788291072
2582,3768835,640,705898680587526145
2125,3768835,592,705786532653883392
3453,3768835,1301,705591895322394625
3220,3768836,1042,705475953783398401
4860,3768836,1850,705442520700944385
4173,3768836,1924,705428427625635840
3271,3768836,848,705239209544720384
2816,3768836,898,705223444686888960
2339,3768836,580,705102439679201280
2363,3768836,680,705066031337840642
4564,3768836,1244,704871453724954624
2452,3768836,609,704859558691414016
5571,3768836,1722,704847917308362754
2886,3768836,1130,704819833553219584
7243,3768836,3244,704761120771465216
3196,3768836,1119,704499785726889984
835,3768836,97,704491224099647488
3707,3768836,1193,704480331685040129
8761,3768836,3972,704364645503647744
1722,3768838,390,704347321748819968
1649,3768838,518,704134088924532736
2022,3768839,629,704113298707505153
3193,3768840,1023,704054845121142784
2015,3768840,523,703774238772166656
3609,3768840,1267,703769065844768768
2840,3768840,766,703631701117943808
4214,3768840,1698,703611486317502464
4153,3768840,1554,703425003149250560
2677,3768840,779,703407252292673536
3821,3768840,1280,703382836347330562
2079,3768840,429,703356393781329922
2143,3768841,617,703268521220972544
8044,3768841,3480,703079050210877440
28862,3768841,14089,703041949650034688
2813,3768841,807,702932127499816960
1765,3768841,504,702899151802126337
3508,3768842,1212,702684942141153280
2390,3768842,632,702671118226825216
11278,3768842,3691,702598099714314240
3122,3768842,1083,702539513671897089
3483,3768843,1740,702332542343577600
3590,3768845,1150,702321140488925184
2695,3769001,855,702276748847800320
5243,3768845,1515,702217446468493312
3740,3768845,1102,701981390485725185
4146,3768845,1146,701952816642965504
3890,3768845,1553,701889187134500865
3738,3768846,1890,701805642395348998
2286,3768846,521,701601587219795968
3068,3768846,1050,701570477911896070
2892,3768846,678,701545186879471618
13398,3768846,5779,701214700881756160
2426,3768846,650,700890391244103680
2818,3768846,683,700864154249383937
2631,3768847,555,700847567345688576
2661,3768847,1080,700796979434098688
25015,3768847,10590,700747788515020802
2881,3768848,910,700518061187723268
2476,3768848,642,700505138482569216
4523,3768848,2018,700462010979500032
2887,3768848,832,700167517596164096
2444,3768848,750,700151421916807169
8230,3768848,3103,700143752053182464
2876,3768849,774,700062718104104960
2250,3768849,657,700029284593901568
3615,3768849,1523,700002074055016451
3326,3768849,1084,699801817392291840
2451,3768849,554,699788877217865730
3028,3768849,1393,699779630832685056
2135,3768850,686,699775878809702401
11206,3768850,5145,699691744225525762
6486,3768850,2926,699446877801091073
2374,3768850,574,699434518667751424
1498,3768851,379,699423671849451520
2250,3768851,687,699413908797464576
2050,3768851,494,699370870310113280
3451,3768851,977,699323444782047232
2441,3768851,711,699088579889332224
2668,3768851,739,699079609774645248
3274,3768851,1320,699072405256409088
4147,3768851,2047,699060279947165696
2852,3768852,1337,699036661657767936
3689,3768852,1108,698989035503689728
2959,3768852,1014,698953797952008193
2778,3768852,694,698907974262222848
2701,3768852,770,698710712454139905
1597,3768852,425,698703483621523456
1397,3768852,384,698635131305795584
2522,3768852,698,698549713696649216
2037,3768852,510,698355670425473025
2476,3768852,1068,698342080612007937
5186,3768853,2258,698262614669991936
18319,3768855,6716,698195409219559425
3072,3768855,824,698178924120031232
1660,3768855,369,697995514407682048
3586,3768855,1448,697990423684476929
2623,3768855,774,697943111201378304
3293,3768855,1332,697881462549430272
1901,3768856,610,697630435728322560
3451,3768856,1137,697616773278015490
3296,3768857,1419,697596423848730625
2243,3768857,569,697575480820686848
2265,3768857,1275,697516214579523584
2652,3768857,762,697482927769255936
3730,3768857,1547,697463031882764288
5102,3768857,2080,697270446429966336
3597,3768857,1126,697259378236399616
3300,3768857,1310,697255105972801536
2735,3768857,748,697242256848379904
3476,3768857,1152,696900204696625153
2579,3768857,756,696894894812565505
5285,3768857,2001,696886256886657024
2676,3768857,798,696877980375769088
1605,3768857,396,696754882863349760
2278,3768857,1066,696744641916489729
2603,3768857,752,696713835009417216
4255,3768857,1881,696518437233913856
1334,3768857,169,696490539101908992
2779,3768857,1163,696488710901260288
3516,3768857,1280,696405997980676096
2116,3768857,745,696100768806522880
3275,3768858,1315,695816827381944320
3478,3768859,877,695794761660297217
2047,3768859,850,695767669421768709
4992,3768861,2364,695629776980148225
4766,3768861,2018,695446424020918272
9420,3768862,4000,695409464418041856
3991,3768862,1664,695314793360662529
2873,3768863,680,695095422348574720
3097,3768863,1234,695074328191332352
1762,3768863,680,695064344191721472
2910,3768864,881,695051054296211456
2946,3768864,1036,694925794720792577
3031,3768864,1048,694905863685980160
25970,3768864,13452,694669722378485760
1643,3768864,325,694356675654983680
2231,3768864,696,694352839993344000
1720,3768864,552,694342028726001664
2189,3768864,567,694329668942569472
4571,3768864,2286,694206574471057408
3219,3768864,1036,694183373896572928
3691,3768864,1173,694001791655137281
2040,3768864,455,693993230313091072
1883,3768864,413,693942351086120961
2943,3768864,669,693647888581312512
1468,3768864,149,693644216740769793
2776,3768865,468,693642232151285760
2670,3768865,889,693629975228977152
1680,3768865,421,693622659251335168
5541,3768865,2219,693590843962331137
1800,3768865,291,693582294167244802
1933,3768865,694,693486665285931008
3654,3768866,1398,693280720173801472
2602,3768866,921,693267061318012928
2440,3768866,567,693262851218264065
3115,3768867,835,693231807727280129
8625,3768867,3606,693155686491000832
1882,3768867,692,693109034023534592
2049,3768867,521,693095443459342336
2914,3768867,835,692919143163629568
2667,3768868,994,692905862751522816
1964,3768869,680,692901601640583168
2507,3768869,906,692894228850999298
3141,3768869,993,692828166163931137
7469,3768869,4102,692752401762250755
4720,3768869,1729,692568918515392513
3489,3768869,1522,692535307825213440
2010,3768869,472,692530551048294401
1613,3768869,263,692423280028966913
10227,3768869,3902,692417313023332352
2755,3768869,924,692187005137076224
2358,3768870,896,692158366030913536
1788,3768870,437,692142790915014657
3704,3768870,1420,692041934689402880
3138,3768870,1077,692017291282812928
4308,3768870,1849,691820333922455552
8888,3768870,4710,691793053716221953
3163,3768870,1155,691756958957883396
2107,3768870,573,691675652215414786
2594,3768870,653,691483041324204033
4437,3768870,1290,691459709405118465
2883,3768870,946,691444869282295808
21182,3768870,8638,691416866452082688
2816,3768870,743,691321916024623104
3243,3768871,1016,691096613310316544
1861,3768871,385,691090071332753408
6484,3768871,3264,690989312272396288
3899,3768872,1415,690959652130045952
4517,3768872,2232,690938899477221376
3591,3768872,1143,690932576555528194
4113,3768873,1439,690735892932222976
2372,3768874,596,690728923253055490
2530,3768875,893,690690673629138944
1425,3768875,321,690649993829576704
311,3768875,19,690607260360429569
2159,3768875,679,690597161306841088
2035,3768875,509,690400367696297985
3548,3768875,969,690374419777196032
2913,3768875,1003,690360449368465409
1639,3768874,571,690348396616552449
1837,3768874,475,690248561355657216
3050,3768874,1172,690021994562220032
2729,3768874,828,690015576308211712
3995,3768874,1896,690005060500217858
1558,3768874,422,689999384604450816
1610,3768876,516,689993469801164801
1487,3768876,499,689977555533848577
2644,3768876,785,689905486972461056
3302,3768876,1336,689877686181715968
2355,3768876,845,689835978131935233
3486,3768877,1042,689661964914655233
11355,3768878,4386,689659372465688576
2452,3768878,745,689623661272240129
12731,3768878,6219,689599056876867584
2249,3768878,516,689557536375177216
3719,3768878,1605,689517482558820352
2462,3768878,1052,689289219123089408
3609,3768878,1246,689283819090870273
2188,3768878,814,689280876073582592
1265,3768878,284,689275259254616065
2798,3768878,1208,689255633275777024
3335,3768878,1124,689154315265683456
2225,3768878,578,689143371370250240
2996,3768878,979,688916208532455424
2304,3768878,869,688908934925697024
2299,3768880,887,688898160958271489
2447,3768880,788,688894073864884227
1503,3768880,420,688828561667567616
1040,3768880,224,688804835492233216
2420,3768881,748,688789766343622656
2847,3768881,789,688547210804498433
2512,3768881,821,688519176466644993
10145,3768881,5004,688385280030670848
2417,3768881,936,688211956440801280
2318,3768881,668,688179443353796608
3083,3768881,885,688116655151435777
1873,3768881,407,688064179421470721
5984,3768881,2861,687841446767013888
2979,3768881,1280,687826841265172480
2751,3768884,1077,687818504314159109
2616,3768885,799,687807801670897665
1930,3768885,745,687732144991551489
2651,3768886,950,687704180304273409
2113,3768886,575,687664829264453632
2098,3768887,653,687494652870668288
1753,3768887,281,687480748861947905
2177,3768888,614,687476254459715584
2231,3768888,612,687460506001633280
2075,3768888,701,687399393394311168
21968,3768887,10356,687317306314240000
4761,3768887,2139,687312378585812992
5987,3768887,2576,687127927494963200
2361,3768887,569,687124485711986689
6339,3768887,2789,687109925361856513
2560,3768887,1115,687102708889812993
2445,3768887,690,687096057537363968
9390,3768887,3570,686947101016735744
3840,3768887,1549,686760001961103360
3798,3768887,1657,686749460672679938
4529,3768888,1345,686730991906516992
3056,3768888,905,686683045143953408
4023,3768888,1533,686618349602762752
2064,3768889,606,686606069955735556
1920,3768889,763,686394059078897668
3540,3768889,993,686386521809772549
2427,3768889,636,686377065986265092
2390,3768889,772,686358356425093120
4378,3768890,1878,686286779679375361
2411,3768890,832,686050296934563840
1271,3768890,138,686035780142297088
3406,3768890,1321,686034024800862208
2701,3768890,471,686007916130873345
2002,3768890,730,686003207160610816
2309,3768890,608,685973236358713344
1792,3768890,693,685943807276412928
8242,3768890,3281,685906723014619143
2219,3768891,143,685681090388975616
2565,3768891,662,685667379192414208
3548,3768891,1650,685663452032069632
3199,3768891,881,685641971164143616
35994,3768891,17649,685547936038666240
3327,3768891,1293,685532292383666176
10413,3768891,4511,685325112850124800
2900,3768891,734,685321586178670592
3660,3768891,1226,685315239903100929
2255,3768891,494,685307451701334016
3403,3768891,1362,685268753634967552
2550,3768892,759,685198997565345792
4475,3768892,1613,685169283572338688
2509,3768892,435,684969860808454144
7283,3768892,3546,684959798585110529
3508,3768892,1185,684940049151070208
3836,3768892,548,684926975086034944
3828,3768892,1656,684914660081053696
2041,3768892,603,684902183876321280
2292,3768893,930,684880619965411328
38343,3768893,24370,684830982659280897
2961,3768894,1114,684800227459624960
9807,3768894,3993,684594889858887680
4481,3768894,1586,684588130326986752
3289,3768894,1410,684567543613382656
2902,3768894,1082,684538444857667585
4233,3768894,1315,684481074559381504
2163,3768894,627,684460069371654144
8956,3768894,3711,684241637099323392
1361,3768894,239,684225744407494656
4198,3768894,1554,684222868335505415
2377,3768894,1167,684200372118904832
2096,3768894,593,684195085588783105
3810,3768894,1336,684188786104872960
2206,3768894,762,684177701129875456
3250,3768895,1696,684147889187209216
2166,3768895,534,684122891630342144
4496,3768895,1616,684097758874210310
4146,3768893,1260,683857920510050305
2099,3768893,395,683852578183077888
2875,3768893,1108,683849932751646720
2865,3768893,1256,683834909291606017
3036,3768893,1189,683828599284170753
3667,3768893,1526,683773439333797890
7129,3768893,3756,683742671509258241
8020,3768894,3273,683515932363329536
3454,3768894,1088,683498322573824003
2867,3768894,1112,683481228088049664
2672,3768894,760,683462770029932544
4270,3768894,1820,683449695444799489
8307,3768895,2690,683391852557561860
3221,3768895,1059,683357973142474752
3150,3768895,1170,683142553609318400
3723,3768895,1029,683111407806746624
2351,3768895,734,683098815881154561
2167,3768895,631,683078886620553216
2358,3768897,826,683030066213818368
39005,3768897,18393,682962037429899265
1941,3768899,209,682808988178739200
2693,3768899,1253,682788441537560576
1665,3768899,491,682750546109968385
1434,3768899,396,682697186228989953
3316,3768899,1201,682662431982772225
2254,3768899,674,682638830361513985
3752,3768899,1311,682429480204398592
8279,3768899,2002,682406705142087680
2426,3768899,769,682393905736888321
1818,3768899,516,682389078323662849
3372,3768899,1132,682303737705140231
4561,3768899,1372,682259524040966145
3548,3768900,1339,682242692827447297
20038,3768900,11208,682088079302213632
5418,3769056,1908,682059653698686977
3515,3768900,1084,682047327939461121
7195,3768900,2278,682032003584274432
3448,3768900,1717,682003177596559360
3026,3768900,1158,681981167097122816
2696,3768901,948,681891461017812993
13953,3768900,4555,681694085539872773
1915,3768900,498,681679526984871937
2892,3768901,1039,681654059175129088
2093,3768901,529,681610798867845120
3873,3768901,1483,681579835668455424
15678,3768901,6576,681523177663676416
1797,3768901,312,681340665377193984
10153,3768902,4574,681339448655802368
2908,3768902,859,681320187870711809
4325,3768902,2063,681302363064414209
3474,3768902,1085,681297372102656000
3508,3768902,1254,681281657291280384
1588,3768903,308,681261549936340994
1638,3768903,618,681242418453299201
2616,3768903,539,681231109724700672
4052,3768903,1680,681193455364796417
2651,3768903,743,680970795137544192
4973,3768903,2238,680959110691590145
3525,3768903,1217,680940246314430465
2272,3768903,493,680934982542561280
2599,3768903,701,680913438424612864
1936,3768904,415,680889648562991104
3742,3768904,1501,680836378243002368
2357,3768905,745,680805554198020098
2585,3768906,923,680801747103793152
3118,3768906,1177,680798457301471234
2888,3768906,811,680609293079592961
3926,3768906,1509,680583894916304897
4624,3768906,2151,680497766108381184
1868,3768906,542,680494726643068929
2772,3768906,839,680473011644985345
1578,3768906,559,680440374763077632
1590,3768906,329,680221482581123072
3097,3768906,1315,680206703334408192
2342,3768906,573,680191257256136705
4252,3768907,1753,680176173301628928
2527,3768907,823,680161097740095489
3942,3768907,1965,680145970311643136
2512,3768907,1072,680130881361686529
2962,3768907,1025,680115823365742593
3878,3768906,1545,680100725817409536
13916,3768906,9967,680085611152338944
2807,3768906,987,680070545539371008
18203,3768906,8025,680055455951884288
2147,3768906,722,679877062409191424
2359,3769062,745,679872969355714560
2671,3768907,700,679862121895714818
3130,3768907,1392,679854723806179328
2589,3768907,886,679844490799091713
39558,3768908,15743,679828447187857408
3373,3768908,1270,679777920601223168
2295,3768909,912,679736210798047232
2357,3768910,928,679729593985699840
1807,3768910,538,679722016581222400
5193,3768910,2336,679530280114372609
2884,3768911,817,679527802031484928
3694,3768911,1454,679511351870550016
3468,3768911,1664,679503373272485890
2289,3768911,722,679475951516934144
34731,3768912,21187,679462823135686656
2586,3768912,1355,679405845277462528
23469,3768912,9140,679158373988876288
3015,3768912,1158,679148763231985668
3241,3768912,1309,679132435750195208
6486,3768912,2878,679111216690831360
18630,3768912,9247,679062614270468097
2457,3768912,773,679047485189439488
3068,3768913,1374,679001094530465792
2530,3768914,1329,678991772295516161
1788,3768914,527,678969228704284672
2800,3768914,1014,678800283649069056
3790,3768914,1344,678798276842360832
3025,3768914,1038,678774928607469569
3846,3768915,1544,678767140346941444
1776,3768915,542,678764513869611008
7779,3768915,3724,678755239630127104
4086,3768915,1920,678740035362037760
6053,3768915,2740,678708137298427904
3136,3768915,1674,678675843183484930
2239,3768915,486,678643457146150913
4340,3768915,1777,678446151570427904
5887,3768915,2866,678424312106393600
4616,3768915,2060,678410210315247616
62146,3768915,30797,678399652199309312
1722,3768915,472,678396796259975168
2035,3768915,469,678389028614488064
2641,3768915,1017,678380236862578688
1886,3768916,610,678341075375947776
1423,3768916,302,678334497360859136
12477,3768916,6810,678278586130948096
1719,3768918,417,678255464182861824
2085,3768918,438,678023323247357953
14950,3768918,7114,678021115718029313
3686,3768918,1873,677961670166224897
1470,3768918,461,677918531514703872
5256,3768918,2371,677895101218201600
3310,3768918,1101,677716515794329600
3675,3768918,1613,677700003327029250
1325,3768918,361,677698403548192770
2670,3768918,948,677687604918272002
3596,3768918,1669,677673981332312066
2123,3768918,1097,677662372920729601
2031,3768919,885,677644091929329666
2312,3768919,816,677573743309385728
1403,3768919,512,677565715327688705
2653,3768919,1314,677557565589463040
7535,3768919,4057,677547928504967168
1156,3768920,249,677530072887205888
3314,3768920,2007,677335745548390400
1470,3768920,327,677334615166730240
1179,3768920,264,677331501395156992
3925,3768920,1681,677328882937298944
1783,3768920,609,677314812125323265
1355,3768920,468,677301033169788928
2144,3768920,788,677269281705472000
3826,3768921,1829,677228873407442944
2964,3768921,1031,677187300187611136
3000,3768922,1196,676975532580409345
2381,3768922,902,676957860086095872
1407,3768922,444,676949632774234114
2341,3768923,977,676948236477857792
1829,3768924,424,676946864479084545
2247,3768924,852,676942428000112642
13731,3768924,5486,676936541936185344
3217,3768925,1997,676916996760600576
2419,3768925,813,676897532954456065
2278,3768926,802,676864501615042560
25013,3768926,17503,676821958043033607
1949,3768926,738,676819651066732545
1526,3768926,468,676811746707918848
5377,3768926,2233,676776431406465024
3123,3768926,1103,676617503762681856
1172,3768926,219,676613908052996102
2029,3768926,488,676606785097199616
1268,3768927,440,676603393314578432
4939,3768927,2400,676593408224403456
992,3768927,142,676590572941893632
2519,3768927,893,676588346097852417
1299,3768927,311,676582956622721024
2794,3769085,1252,676575501977128964
2018,3768929,618,676533798876651520
1631,3768929,601,676496375194980353
12568,3768929,5197,676470639084101634
1853,3768929,740,676440007570247681
1519,3768929,385,676430933382295552
2233,3768929,605,676263575653122048
1325,3768930,331,676237365392908289
66833,3768930,31810,676219687039057920
1873,3768930,655,676215927814406144
2464,3768931,1142,676191832485810177
2068,3768931,739,676146341966438401
2321,3768932,1293,676121918416756736
3027,3768932,1280,676101918813499392
3259,3768932,1610,676098748976615425
1422,3768932,479,676089483918516224
1766,3768932,651,675898130735476737
2286,3768932,971,675891555769696257
2571,3768932,1063,675888385639251968
4506,3768932,1562,675878199931371520
1771,3768934,628,675870721063669760
2903,3768935,1447,675853064436391936
1021,3768934,170,675849018447167488
2460,3768934,991,675845657354215424
1644,3768934,589,675822767435051008
1130,3768934,259,675820929667219457
11049,3769092,3769,675798442703122432
1741,3768936,531,675781562965868544
1250,3768936,387,675740360753160193
2039,3768936,922,675710890956750848
2141,3768937,767,675707330206547968
689,3768937,106,675706639471788032
1940,3768937,468,675534494439489536
1265,3768937,428,675531475945709568
1113,3768937,312,675522403582218240
1405,3768937,503,675517828909424640
18404,3768937,6454,675501075957489664
3377,3768938,1437,675497103322386432
1395,3768938,669,675489971617296384
1982,3768939,1076,675483430902214656
1619,3768939,626,675432746517426176
1832,3768940,558,675372240448454658
1133,3768940,260,675362609739206656
35075,3768940,18880,675354435921575936
4230,3768940,2520,675349384339542016
2994,3768940,1428,675334060156301312
3895,3768940,1783,675166823650848770
6033,3768941,2724,675153376133427200
4017,3768941,1870,675149409102012420
1020,3768941,273,675147105808306176
1292,3768941,345,675146535592706048
2294,3768941,1001,675145476954566656
1388,3768941,537,675135153782571009
2109,3768942,874,675113801096802304
1036,3768942,280,675111688094527488
2991,3768942,1250,675109292475830276
1136,3768943,363,675047298674663426
2908,3768943,1330,675015141583413248
1051,3768943,251,675006312288268288
1664,3768943,517,675003128568291329
2417,3768943,1228,674999807681908736
931,3768943,391,674805413498527744
3221,3768943,947,674800520222154752
2679,3768942,1217,674793399141146624
1177,3768943,277,674790488185167872
865,3768943,229,674788554665512960
2154,3768943,1328,674781762103414784
1204,3768943,530,674774481756377088
1969,3768944,879,674767892831932416
847,3768944,262,674764817387900928
1457,3768944,488,674754018082705410
1576,3768945,515,674752233200820224
1505,3768945,602,674743008475090944
525,3768945,55,674742531037511680
1189,3768945,431,674739953134403584
687,3768945,102,674737130913071104
1233,3768945,507,674690135443775488
1738,3768945,717,674670581682434048
990,3768945,276,674664755118911488
1526,3768945,553,674646392044941312
1102,3768945,308,674644256330530816
1795,3768945,649,674638615994089473
1608,3768945,633,674632714662858753
1006,3768945,113,674606911342424069
6643,3768945,2257,674468880899788800
1133,3768946,391,674447403907457024
1188,3768946,425,674436901579923456
1531,3769102,591,674422304705744896
728,3768946,157,674416750885273600
1283,3768946,514,674410619106390016
1600,3768946,630,674394782723014656
920,3768946,344,674372068062928900
599,3768946,83,674330906434379776
1507,3768947,566,674318007229923329
12080,3768947,7608,674307341513269249
15725,3768947,6495,674291837063053312
1676,3768948,799,674271431610523648
954,3768948,254,674269164442398721
1753,3768948,931,674265582246694913
1383,3768949,498,674262580978937856
1569,3768949,614,674255168825880576
801,3768949,185,674082852460433408
1046,3768949,315,674075285688614912
6735,3768949,2435,674063288070742018
3564,3768949,1431,674053186244734976
1559,3768950,526,674051556661161984
1516,3768950,707,674045139690631169
768,3768950,142,674042553264685056
1169,3768950,452,674038233588723717
899,3768950,240,674036086168010753
1908,3768950,1349,674024893172875264
1204,3768950,339,674019345211760640
1671,3768950,708,674014384960745472
1288,3768950,390,674008982932058114
2080,3768951,1060,673956914389192708
1245,3768951,399,673919437611909120
3387,3768951,1791,673906403526995968
989,3768951,273,673887867907739649
3274,3768951,839,673716320723169284
3788,3768953,2293,673715861853720576
1112,3768953,324,673711475735838725
900,3768954,304,673709992831262724
1143,3768954,315,673708611235921920
1171,3768954,431,673707060090052608
1333,3768955,437,673705679337693185
1525,3768956,633,673700254269775872
4045,3768956,2157,673697980713705472
1851,3768956,703,673689733134946305
1317,3768956,533,673688752737402881
1537,3768957,476,673686845050527744
1456,3768957,519,673680198160809984
1332,3768958,396,673662677122719744
763,3768958,265,673656262056419329
1191,3768957,403,673636718965334016
1682,3768957,800,673612854080196609
1267,3768958,401,673583129559498752
875,3768959,296,673580926094458881
1474,3768959,610,673576835670777856
1085,3768959,337,673363615379013632
1551,3768960,727,673359818736984064
1602,3768960,649,673355879178194945
1754,3768960,594,673352124999274496
777,3768960,227,673350198937153538
2684,3768960,1415,673345638550134785
1032,3768960,288,673343217010679808
1357,3768960,645,673342308415348736
14374,3769116,8653,673320132811366400
920,3768961,292,673317986296586240
7996,3768961,3471,673295268553605120
1124,3768961,399,673270968295534593
1501,3768961,795,673240798075449344
2397,3768961,928,673213039743795200
1817,3768961,687,673148804208660480
2081,3768960,782,672997845381865473
1011,3768961,327,672995267319328768
1031,3768961,312,672988786805112832
1326,3768961,591,672984142909456390
1921,3768962,1071,672980819271634944
1798,3768962,1010,672975131468300288
1014,3768962,386,672970152493887488
1395,3768962,597,672968025906282496
1518,3768962,696,672964561327235073
1440,3768962,546,672902681409806336
939,3768964,458,672898206762672129
1653,3768964,895,672884426393653248
1093,3768964,403,672877615439593473
1392,3768964,621,672834301050937345
1332,3768964,529,672828477930868736
1028,3768964,347,672640509974827008
1369,3768964,541,672622327801233409
1295,3768964,641,672614745925664768
1172,3768964,421,672609152938721280
1177,3768964,441,672604026190569472
1406,3768964,656,672594978741354496
1007,3768965,363,672591762242805761
779,3768965,205,672591271085670400
1085,3768965,402,672538107540070400
689,3768965,188,672523490734551040
1181,3768965,480,672488522314567680
1212,3768967,662,672482722825261057
752,3768968,136,672481316919734272
1526,3768968,766,672475084225949696
1436,3768968,594,672466075045466113
6858,3768968,3660,672272411274932228
1584,3768968,664,672267570918129665
1206,3768968,380,672264251789176834
2992,3768968,1691,672256522047614977
1501,3768968,796,672254177670729728
1823,3768968,655,672248013293752320
727,3768968,169,672245253877968896
945,3768969,344,672239279297454080
1943,3768969,1084,672231046314901505
826,3768970,230,672222792075620352
2399,3768970,1261,672205392827572224
1068,3768971,402,672169685991993344
917,3768973,392,672160042234327040
1861,3768973,788,672139350159835138
2559,3768973,1242,672125275208069120
1059,3768973,394,672095186491711488
997,3768973,397,672082170312290304
1385,3768973,560,672068090318987265
8955,3768975,4494,671896809300709376
1407,3768975,611,671891728106971137
3667,3768975,1486,671882082306625538
1497,3768976,746,671879137494245376
1322,3768976,599,671874878652489728
1187,3768976,545,671866342182637568
973,3768976,501,671855973984772097
7479,3768976,3793,671789708968640512
1263,3768977,569,671768281401958400
1781,3768977,996,671763349865160704
1420,3768977,838,671744970634719232
774,3768977,244,671743150407421952
1527,3768977,815,671735591348891648
9073,3768977,4766,671729906628341761
13615,3768977,7884,671561002136281088
963,3768977,228,671550332464455680
1437,3768977,648,671547767500775424
2114,3768977,1140,671544874165002241
1159,3768977,613,671542985629241344
986,3768977,434,671538301157904385
1247,3768977,440,671536543010570240
1088,3768977,627,671533943490011136
892,3768977,280,671528761649688577
1488,3768977,579,671520732782923777
1006,3768978,317,671518598289059840
1728,3768978,785,671511350426865664
7465,3768978,3840,671504605491109889
975,3768980,479,671497587707535361
1070,3768980,514,671488513339211776
617,3768982,225,671486386088865792
804,3768982,252,671485057807351808
1509,3768982,802,671390180817915904
1185,3768982,321,671362598324076544
424,3768982,156,671357843010908160
504,3768982,119,671355857343524864
1024,3768982,471,671347597085433856
783,3768982,238,671186162933985280
1187,3768982,377,671182547775299584
932,3768983,385,671166507850801152
1755,3768984,1194,671163268581498880
397,3768984,89,671159727754231808
764,3768985,238,671154572044468225
711,3768986,165,671151324042559489
708,3768986,251,671147085991960577
1240,3768987,705,671141549288370177
993,3768987,445,671138694582165504
795,3768987,212,671134062904504320
3709,3768987,2749,671122204919246848
1424,3768987,834,671115716440031232
1218,3768987,476,671109016219725825
1168,3768987,315,670995969505435648
25673,3768987,9509,670842764863651840
628,3768988,212,670840546554966016
1180,3768988,751,670838202509447168
472,3768988,134,670833812859932673
775,3768988,242,670832455012716544
5930,3768988,4452,670826280409919488
820,3768989,204,670823764196741120
647,3768989,105,670822709593571328
3385,3768990,1697,670815497391357952
1195,3768990,291,670811965569282048
1225,3768990,538,670807719151067136
2090,3768990,1029,670804601705242624
360,3768990,95,670803562457407488
775,3768990,260,670797304698376195
888,3768990,297,670792680469889025
698,3768990,254,670789397210615808
638,3768991,217,670786190031921152
869,3768991,428,670783437142401025
1680,3768991,857,670782429121134593
827,3768991,312,670780561024270336
345,3768991,77,670778058496974848
1147,3768991,460,670764103623966721
473,3768991,121,670755717859713024
1023,3768991,556,670733412878163972
882,3768991,401,670727704916926465
1297,3768991,542,670717338665226240
807,3768991,401,670704688707301377
628,3768991,263,670691627984359425
793,3768991,314,670679630144274432
264,3768991,45,670676092097810432
11400,3768991,5500,670668383499735048
1630,3768991,830,670474236058800128
371,3768991,90,670468609693655041
1038,3768991,604,670465786746662913
577,3768991,223,670452855871037440
1261,3768991,728,670449342516494336
7091,3768992,2142,670444955656130560
689,3768992,211,670442337873600512
1124,3768992,566,670435821946826752
1495,3768992,702,670434127938719744
343,3768992,122,670433248821026816
1480,3768992,689,670428280563085312
547,3768992,178,670427002554466305
1408,3768992,701,670421925039075328
667,3768993,339,670420569653809152
603,3768993,348,670417414769758208
2169,3768993,985,670411370698022913
596,3768993,246,670408998013820928
456,3768993,173,670403879788544000
591,3768994,233,670385711116361728
784,3768994,292,670374371102445568
343,3768994,71,670361874861563904
447,3768995,120,670338931251150849
4087,3768995,1348,670319130621435904
450,3768995,151,670303360680108032
748,3768995,312,670290420111441920
1102,3768995,363,670093938074779648
737,3768995,274,670086499208155136
2379,3768995,1362,670079681849372674
1667,3768995,866,670073503555706880
672,3768996,275,670069087419133954
819,3768996,372,670061506722140161
711,3768997,357,670055038660800512
683,3768997,191,670046952931721218
798,3768997,118,670040295598354432
621,3768997,305,670037189829525505
350,3768997,100,670003130994700288
342,3768997,91,669993076832759809
469,3768997,175,669972011175813120
317,3768997,65,669970042633789440
533,3768997,182,669942763794931712
398,3768997,113,669926384437997569
248,3768997,62,669923323644657664
853,3768997,430,669753178989142016
287,3768997,71,669749430875258880
551,3768997,98,669684865554620416
411,3768997,118,669683899023405056
374,3768997,144,669682095984410625
709,3768997,310,669680153564442624
854,3768997,478,669661792646373376
3754,3768997,1956,669625907762618368
1003,3768997,397,669603084620980224
548,3768997,163,669597912108789760
1580,3768998,1012,669583744538451968
465,3768999,156,669573570759163904
1677,3768999,1077,669571471778410496
248,3769000,61,669567591774625800
408,3769000,132,669564461267722241
384,3769000,82,669393256313184256
1420,3769001,786,669375718304980992
520,3769001,196,669371483794317312
484,3769002,171,669367896104181761
663,3769001,249,669363888236994561
388,3769001,134,669359674819481600
2876,3769001,1385,669354382627049472
688,3769001,279,669353438988365824
471,3769001,207,669351434509529089
1074,3769001,450,669328503091937280
607,3769001,126,669327207240699904
520,3769001,222,669324657376567296
956,3769001,419,669216679721873412
467,3769001,182,669214165781868544
1069,3769001,519,669203728096960512
692,3769001,333,669037058363662336
782,3769001,402,669015743032369152
608,3769001,269,669006782128353280
22047,3769002,6925,669000397445533696
465,3769002,252,668994913074286592
795,3769002,379,668992363537309700
720,3769002,353,668989615043424256
958,3769002,513,668988183816871936
577,3769002,182,668986018524233728
570,3769003,336,668981893510119424
836,3769003,378,668979806671884288
1381,3769004,635,668975677807423489
161,3769005,25,668967877119254528
753,3769005,263,668960084974809088
298,3769005,77,668955713004314625
282,3769005,62,668932921458302977
335,3769005,107,668902994700836864
419,3769005,163,668892474547511297
560,3769005,321,668872652652679168
478,3769006,179,668852170888998912
465,3769007,150,668826086256599040
608,3769007,290,668815180734689280
745,3769007,405,668779399630725120
559,3769007,233,668655139528511488
953,3769163,586,668645506898350081
935,3769007,574,668643542311546881
1136,3769007,572,668641109086707712
1106,3769008,522,668636665813057536
3011,3769008,1776,668633411083464705
754,3769008,346,668631377374486528
337,3769008,123,668627278264475648
417,3769008,140,668625577880875008
1540,3769008,846,668623201287675904
209,3769008,45,668620235289837568
649,3769008,340,668614819948453888
1753,3769008,1170,668587383441514497
262,3769008,62,668567822092664832
554,3769008,248,668544745690562560
492,3769009,231,668542336805281792
265,3769009,79,668537837512433665
493,3769010,242,668528771708952576
343,3769010,115,668507509523615744
435,3769012,145,668496999348633600
451,3769012,250,668484198282485761
490,3769013,162,668480044826800133
937,3769013,556,668466899341221888
653,3769012,318,668297328638447616
262,3769013,34,668291999406125056
532,3769013,149,668286279830867968
881,3769013,248,668274247790391296
590,3769013,258,668268907921326080
1382,3769013,665,668256321989451776
1053,3769013,523,668248472370458624
6573,3769014,3083,668237644992782336
322,3769013,115,668226093875376128
534,3769013,214,668221241640230912
586,3769013,206,668204964695683073
690,3769013,208,668190681446379520
523,3769013,207,668171859951755264
520,3769014,335,668154635664932864
592,3769015,305,668142349051129856
707,3769015,264,668113020489474048
1351,3769015,862,667937095915278337
317,3769015,119,667924896115245057
220,3769015,59,667915453470232577
522,3769015,328,667911425562669056
896,3769015,395,667902449697558528
2005,3769016,1174,667886921285246976
860,3769017,524,667885044254572545
409,3769017,127,667878741721415682
663,3769017,438,667873844930215936
3155,3769017,1103,667866724293877760
253,3769017,86,667861340749471744
302,3769018,68,667832474953625600
1105,3769018,532,667806454573760512
346,3769019,101,667801013445750784
732,3769019,356,667793409583771648
432,3769020,259,667782464991965184
243,3769020,61,667773195014021121
474,3769021,238,667766675769573376
395,3769021,162,667728196545200128
517,3769021,340,667724302356258817
185,3769021,37,667550904950915073
187,3769022,34,667550882905632768
6102,3769022,2447,667549055577362432
350,3769022,137,667546741521195010
914,3769022,565,667544320556335104
218,3769022,72,667538891197542400
863,3769022,572,667534815156183040
499,3769022,261,667530908589760512
1792,3769022,1191,667524857454854144
389,3769022,203,667517642048163840
7118,3769022,2265,667509364010450944
562,3769022,230,667502640335572993
561,3769022,294,667495797102141441
558,3769022,237,667491009379606528
272,3769022,102,667470559035432960
202,3769022,66,667455448082227200
326,3769022,96,667453023279554560
829,3769023,618,667443425659232256
480,3769023,257,667437278097252352
324,3769024,88,667435689202614272
488,3769025,232,667405339315146752
210,3769025,60,667393430834667520
387,3769025,172,667369227918143488
515,3769025,258,667211855547486208
655,3769025,280,667200525029539841
412,3769025,115,667192066997374976
783,3769025,447,667188689915760640
15028,3769025,6589,667182792070062081
200,3769025,58,667177989038297088
637,3769025,483,667176164155375616
261,3769025,87,667174963120574464
233,3769025,99,667171260800061440
2807,3769025,1234,667165590075940865
267,3769025,66,667160273090932737
49523,3769025,18176,667152164079423490
4827,3769025,2372,667138269671505920
345,3769025,135,667119796878725120
346,3769025,131,667090893657276420
422,3769024,132,667073648344346624
87,3769024,14,667070482143944705
173,3769025,50,667065535570550784
225,3769025,57,667062181243039745
197,3769025,54,667044094246576128
469,3769025,237,667012601033924608
257,3769025,101,666996132027977728
2665,3769025,1037,666983947667116034
853,3769025,581,666837028449972224
221,3769025,83,666835007768551424
264,3769025,104,666826780179869698
537,3769025,266,666817836334096384
249,3769025,95,666804364988780544
796,3769025,520,666786068205871104
402,3769026,209,666781792255496192
365,3769027,185,666776908487630848
242,3769027,70,666739327293083650
447,3769027,229,666701168228331520
195,3769027,51,666691418707132416
919,3769027,606,666649482315059201
237,3769027,88,666644823164719104
542,3769027,219,666454714377183233
107,3769027,23,666447344410484738
131,3769027,52,666437273139982337
171,3769029,54,666435652385423360
329,3769029,203,666430724426358785
171,3769029,90,666428276349472768
325,3769029,118,666421158376562688
129,3769029,48,666418789513326592
457,3769029,337,666411507551481857
113,3769029,43,666407126856765440
171,3769029,91,666396247373291520
194,3769029,99,666373753744588802
801,3769028,590,666362758909284353
228,3769030,76,666353288456101888
308,3769030,146,666345417576210432
203,3769029,96,666337882303524864
519,3769029,365,666293911632134144
152,3769030,71,666287406224695296
183,3769030,81,666273097616637952
108,3769030,37,666268910803644416
14703,3769030,6835,666104133288665088
81,3769030,15,666102155909144576
160,3769030,73,666099513787052032
168,3769030,78,666094000022159362
121,3769030,47,666082916733198337
334,3769030,173,666073100786774016
154,3769030,67,666071193221509120
494,3769031,230,666063827256086533
117,3769031,61,666058600524156928
304,3769031,146,666057090499244032
449,3769034,261,666055525042405380
1250,3769034,877,666051853826850816
136,3769034,60,666050758794694657
111,3769034,41,666049248165822465
309,3769034,147,666044226329800704
128,3769034,47,666033412701032449
132,3769034,48,666029285002620928
2528,3769035,530,666020888022790149
